Time1,Volts1,Time2,Volts2
-1.54E-03,0,-1.54E-03,8.00E-01
-1.54E-03,0,-1.54E-03,8.00E-01
-1.54E-03,2.00E-01,-1.54E-03,8.00E-01
-1.54E-03,2.00E-01,-1.54E-03,0
-1.54E-03,0,-1.54E-03,8.00E-01
-1.54E-03,0,-1.54E-03,8.00E-01
-1.53E-03,2.00E-01,-1.53E-03,8.00E-01
-1.53E-03,2.00E-01,-1.53E-03,8.00E-01
-1.53E-03,0,-1.53E-03,8.00E-01
-1.53E-03,0,-1.53E-03,8.00E-01
-1.53E-03,0,-1.53E-03,0
-1.53E-03,0,-1.53E-03,0
-1.53E-03,2.00E-01,-1.53E-03,8.00E-01
-1.53E-03,2.00E-01,-1.53E-03,8.00E-01
-1.53E-03,0,-1.53E-03,8.00E-01
-1.53E-03,2.00E-01,-1.53E-03,8.00E-01
-1.52E-03,0,-1.52E-03,8.00E-01
-1.52E-03,0,-1.52E-03,8.00E-01
-1.52E-03,0,-1.52E-03,8.00E-01
-1.52E-03,2.00E-01,-1.52E-03,8.00E-01
-1.52E-03,2.00E-01,-1.52E-03,8.00E-01
-1.52E-03,0,-1.52E-03,0
-1.52E-03,0,-1.52E-03,8.00E-01
-1.52E-03,0,-1.52E-03,8.00E-01
-1.52E-03,0,-1.52E-03,0
-1.52E-03,0,-1.52E-03,8.00E-01
-1.51E-03,0,-1.51E-03,8.00E-01
-1.51E-03,0,-1.51E-03,0
-1.51E-03,0,-1.51E-03,8.00E-01
-1.51E-03,0,-1.51E-03,0
-1.51E-03,2.00E-01,-1.51E-03,8.00E-01
-1.51E-03,2.00E-01,-1.51E-03,0
-1.51E-03,0,-1.51E-03,0
-1.51E-03,0,-1.51E-03,8.00E-01
-1.51E-03,2.00E-01,-1.51E-03,0
-1.51E-03,0,-1.51E-03,8.00E-01
-1.50E-03,0,-1.50E-03,8.00E-01
-1.50E-03,0,-1.50E-03,0
-1.50E-03,0,-1.50E-03,8.00E-01
-1.50E-03,0,-1.50E-03,8.00E-01
-1.50E-03,0,-1.50E-03,8.00E-01
-1.50E-03,4.00E-01,-1.50E-03,8.00E-01
-1.50E-03,0,-1.50E-03,8.00E-01
-1.50E-03,0,-1.50E-03,8.00E-01
-1.50E-03,0,-1.50E-03,8.00E-01
-1.50E-03,0,-1.50E-03,8.00E-01
-1.49E-03,0,-1.49E-03,0
-1.49E-03,0,-1.49E-03,8.00E-01
-1.49E-03,0,-1.49E-03,0
-1.49E-03,0,-1.49E-03,8.00E-01
-1.49E-03,0,-1.49E-03,8.00E-01
-1.49E-03,0,-1.49E-03,8.00E-01
-1.49E-03,0,-1.49E-03,0
-1.49E-03,0,-1.49E-03,8.00E-01
-1.49E-03,2.00E-01,-1.49E-03,8.00E-01
-1.49E-03,0,-1.49E-03,8.00E-01
-1.48E-03,0,-1.48E-03,8.00E-01
-1.48E-03,0,-1.48E-03,8.00E-01
-1.48E-03,2.00E-01,-1.48E-03,8.00E-01
-1.48E-03,2.00E-01,-1.48E-03,0
-1.48E-03,2.00E-01,-1.48E-03,8.00E-01
-1.48E-03,0,-1.48E-03,0
-1.48E-03,0,-1.48E-03,0
-1.48E-03,-2.00E-01,-1.48E-03,0
-1.48E-03,0,-1.48E-03,0
-1.48E-03,0,-1.48E-03,0
-1.47E-03,2.00E-01,-1.47E-03,0
-1.47E-03,0,-1.47E-03,0
-1.47E-03,0,-1.47E-03,8.00E-01
-1.47E-03,0,-1.47E-03,0
-1.47E-03,2.00E-01,-1.47E-03,8.00E-01
-1.47E-03,0,-1.47E-03,8.00E-01
-1.47E-03,2.00E-01,-1.47E-03,8.00E-01
-1.47E-03,0,-1.47E-03,0
-1.47E-03,0,-1.47E-03,8.00E-01
-1.47E-03,0,-1.47E-03,8.00E-01
-1.46E-03,0,-1.46E-03,8.00E-01
-1.46E-03,2.00E-01,-1.46E-03,8.00E-01
-1.46E-03,0,-1.46E-03,8.00E-01
-1.46E-03,2.00E-01,-1.46E-03,8.00E-01
-1.46E-03,2.00E-01,-1.46E-03,8.00E-01
-1.46E-03,2.00E-01,-1.46E-03,8.00E-01
-1.46E-03,0,-1.46E-03,8.00E-01
-1.46E-03,0,-1.46E-03,8.00E-01
-1.46E-03,0,-1.46E-03,0
-1.46E-03,2.00E-01,-1.46E-03,0
-1.45E-03,0,-1.45E-03,8.00E-01
-1.45E-03,0,-1.45E-03,8.00E-01
-1.45E-03,0,-1.45E-03,0
-1.45E-03,0,-1.45E-03,0
-1.45E-03,2.00E-01,-1.45E-03,0
-1.45E-03,0,-1.45E-03,8.00E-01
-1.45E-03,0,-1.45E-03,8.00E-01
-1.45E-03,2.00E-01,-1.45E-03,8.00E-01
-1.45E-03,0,-1.45E-03,8.00E-01
-1.45E-03,2.00E-01,-1.45E-03,8.00E-01
-1.44E-03,0,-1.44E-03,0
-1.44E-03,0,-1.44E-03,0
-1.44E-03,0,-1.44E-03,0
-1.44E-03,0,-1.44E-03,0
-1.44E-03,2.00E-01,-1.44E-03,0
-1.44E-03,0,-1.44E-03,8.00E-01
-1.44E-03,0,-1.44E-03,0
-1.44E-03,0,-1.44E-03,0
-1.44E-03,0,-1.44E-03,8.00E-01
-1.44E-03,0,-1.44E-03,8.00E-01
-1.43E-03,2.00E-01,-1.43E-03,0
-1.43E-03,0,-1.43E-03,8.00E-01
-1.43E-03,2.00E-01,-1.43E-03,0
-1.43E-03,0,-1.43E-03,8.00E-01
-1.43E-03,0,-1.43E-03,8.00E-01
-1.43E-03,2.00E-01,-1.43E-03,8.00E-01
-1.43E-03,2.00E-01,-1.43E-03,8.00E-01
-1.43E-03,0,-1.43E-03,8.00E-01
-1.43E-03,2.00E-01,-1.43E-03,8.00E-01
-1.43E-03,2.00E-01,-1.43E-03,8.00E-01
-1.42E-03,2.00E-01,-1.42E-03,8.00E-01
-1.42E-03,0,-1.42E-03,8.00E-01
-1.42E-03,0,-1.42E-03,0
-1.42E-03,0,-1.42E-03,0
-1.42E-03,0,-1.42E-03,0
-1.42E-03,2.00E-01,-1.42E-03,0
-1.42E-03,0,-1.42E-03,0
-1.42E-03,0,-1.42E-03,0
-1.42E-03,0,-1.42E-03,8.00E-01
-1.42E-03,0,-1.42E-03,8.00E-01
-1.41E-03,2.00E-01,-1.41E-03,0
-1.41E-03,0,-1.41E-03,8.00E-01
-1.41E-03,0,-1.41E-03,8.00E-01
-1.41E-03,0,-1.41E-03,8.00E-01
-1.41E-03,2.00E-01,-1.41E-03,8.00E-01
-1.41E-03,0,-1.41E-03,0
-1.41E-03,0,-1.41E-03,8.00E-01
-1.41E-03,0,-1.41E-03,8.00E-01
-1.41E-03,0,-1.41E-03,0
-1.41E-03,0,-1.41E-03,8.00E-01
-1.40E-03,0,-1.40E-03,8.00E-01
-1.40E-03,0,-1.40E-03,8.00E-01
-1.40E-03,0,-1.40E-03,0
-1.40E-03,2.00E-01,-1.40E-03,8.00E-01
-1.40E-03,0,-1.40E-03,0
-1.40E-03,2.00E-01,-1.40E-03,8.00E-01
-1.40E-03,2.00E-01,-1.40E-03,8.00E-01
-1.40E-03,0,-1.40E-03,8.00E-01
-1.40E-03,0,-1.40E-03,8.00E-01
-1.40E-03,0,-1.40E-03,8.00E-01
-1.39E-03,0,-1.39E-03,8.00E-01
-1.39E-03,0,-1.39E-03,8.00E-01
-1.39E-03,2.00E-01,-1.39E-03,8.00E-01
-1.39E-03,0,-1.39E-03,8.00E-01
-1.39E-03,0,-1.39E-03,8.00E-01
-1.39E-03,0,-1.39E-03,0
-1.39E-03,0,-1.39E-03,8.00E-01
-1.39E-03,0,-1.39E-03,0
-1.39E-03,0,-1.39E-03,8.00E-01
-1.39E-03,0,-1.39E-03,0
-1.38E-03,0,-1.38E-03,0
-1.38E-03,0,-1.38E-03,0
-1.38E-03,0,-1.38E-03,0
-1.38E-03,0,-1.38E-03,0
-1.38E-03,0,-1.38E-03,8.00E-01
-1.38E-03,2.00E-01,-1.38E-03,0
-1.38E-03,0,-1.38E-03,8.00E-01
-1.38E-03,2.00E-01,-1.38E-03,8.00E-01
-1.38E-03,0,-1.38E-03,8.00E-01
-1.38E-03,0,-1.38E-03,8.00E-01
-1.37E-03,0,-1.37E-03,8.00E-01
-1.37E-03,0,-1.37E-03,8.00E-01
-1.37E-03,0,-1.37E-03,8.00E-01
-1.37E-03,0,-1.37E-03,8.00E-01
-1.37E-03,0,-1.37E-03,8.00E-01
-1.37E-03,0,-1.37E-03,8.00E-01
-1.37E-03,0,-1.37E-03,8.00E-01
-1.37E-03,0,-1.37E-03,8.00E-01
-1.37E-03,2.00E-01,-1.37E-03,8.00E-01
-1.37E-03,0,-1.37E-03,8.00E-01
-1.36E-03,0,-1.36E-03,8.00E-01
-1.36E-03,2.00E-01,-1.36E-03,8.00E-01
-1.36E-03,0,-1.36E-03,8.00E-01
-1.36E-03,0,-1.36E-03,8.00E-01
-1.36E-03,0,-1.36E-03,8.00E-01
-1.36E-03,2.00E-01,-1.36E-03,8.00E-01
-1.36E-03,0,-1.36E-03,8.00E-01
-1.36E-03,0,-1.36E-03,8.00E-01
-1.36E-03,0,-1.36E-03,0
-1.36E-03,0,-1.36E-03,8.00E-01
-1.35E-03,2.00E-01,-1.35E-03,8.00E-01
-1.35E-03,2.00E-01,-1.35E-03,8.00E-01
-1.35E-03,2.00E-01,-1.35E-03,8.00E-01
-1.35E-03,2.00E-01,-1.35E-03,8.00E-01
-1.35E-03,0,-1.35E-03,8.00E-01
-1.35E-03,0,-1.35E-03,8.00E-01
-1.35E-03,0,-1.35E-03,8.00E-01
-1.35E-03,0,-1.35E-03,8.00E-01
-1.35E-03,0,-1.35E-03,0
-1.35E-03,2.00E-01,-1.35E-03,8.00E-01
-1.34E-03,0,-1.34E-03,8.00E-01
-1.34E-03,0,-1.34E-03,8.00E-01
-1.34E-03,0,-1.34E-03,8.00E-01
-1.34E-03,0,-1.34E-03,8.00E-01
-1.34E-03,0,-1.34E-03,8.00E-01
-1.34E-03,0,-1.34E-03,8.00E-01
-1.34E-03,0,-1.34E-03,8.00E-01
-1.34E-03,0,-1.34E-03,8.00E-01
-1.34E-03,2.00E-01,-1.34E-03,8.00E-01
-1.34E-03,0,-1.34E-03,8.00E-01
-1.33E-03,2.00E-01,-1.33E-03,8.00E-01
-1.33E-03,0,-1.33E-03,8.00E-01
-1.33E-03,0,-1.33E-03,8.00E-01
-1.33E-03,2.00E-01,-1.33E-03,8.00E-01
-1.33E-03,2.00E-01,-1.33E-03,8.00E-01
-1.33E-03,2.00E-01,-1.33E-03,8.00E-01
-1.33E-03,0,-1.33E-03,0
-1.33E-03,0,-1.33E-03,0
-1.33E-03,2.00E-01,-1.33E-03,0
-1.33E-03,0,-1.33E-03,0
-1.32E-03,0,-1.32E-03,8.00E-01
-1.32E-03,2.00E-01,-1.32E-03,0
-1.32E-03,2.00E-01,-1.32E-03,8.00E-01
-1.32E-03,0,-1.32E-03,8.00E-01
-1.32E-03,2.00E-01,-1.32E-03,8.00E-01
-1.32E-03,0,-1.32E-03,8.00E-01
-1.32E-03,0,-1.32E-03,8.00E-01
-1.32E-03,0,-1.32E-03,8.00E-01
-1.32E-03,2.00E-01,-1.32E-03,8.00E-01
-1.32E-03,0,-1.32E-03,8.00E-01
-1.31E-03,0,-1.31E-03,8.00E-01
-1.31E-03,2.00E-01,-1.31E-03,8.00E-01
-1.31E-03,0,-1.31E-03,8.00E-01
-1.31E-03,0,-1.31E-03,8.00E-01
-1.31E-03,0,-1.31E-03,8.00E-01
-1.31E-03,0,-1.31E-03,0
-1.31E-03,0,-1.31E-03,0
-1.31E-03,2.00E-01,-1.31E-03,8.00E-01
-1.31E-03,0,-1.31E-03,8.00E-01
-1.31E-03,0,-1.31E-03,8.00E-01
-1.30E-03,2.00E-01,-1.30E-03,8.00E-01
-1.30E-03,0,-1.30E-03,8.00E-01
-1.30E-03,0,-1.30E-03,0
-1.30E-03,0,-1.30E-03,8.00E-01
-1.30E-03,0,-1.30E-03,8.00E-01
-1.30E-03,0,-1.30E-03,8.00E-01
-1.30E-03,0,-1.30E-03,8.00E-01
-1.30E-03,0,-1.30E-03,8.00E-01
-1.30E-03,0,-1.30E-03,0
-1.30E-03,0,-1.30E-03,0
-1.29E-03,2.00E-01,-1.29E-03,8.00E-01
-1.29E-03,0,-1.29E-03,0
-1.29E-03,0,-1.29E-03,8.00E-01
-1.29E-03,0,-1.29E-03,0
-1.29E-03,0,-1.29E-03,0
-1.29E-03,0,-1.29E-03,0
-1.29E-03,0,-1.29E-03,0
-1.29E-03,0,-1.29E-03,8.00E-01
-1.29E-03,2.00E-01,-1.29E-03,8.00E-01
-1.29E-03,0,-1.29E-03,0
-1.28E-03,0,-1.28E-03,8.00E-01
-1.28E-03,0,-1.28E-03,8.00E-01
-1.28E-03,0,-1.28E-03,8.00E-01
-1.28E-03,0,-1.28E-03,0
-1.28E-03,0,-1.28E-03,8.00E-01
-1.28E-03,0,-1.28E-03,8.00E-01
-1.28E-03,0,-1.28E-03,8.00E-01
-1.28E-03,2.00E-01,-1.28E-03,8.00E-01
-1.28E-03,0,-1.28E-03,8.00E-01
-1.28E-03,0,-1.28E-03,8.00E-01
-1.27E-03,0,-1.27E-03,8.00E-01
-1.27E-03,0,-1.27E-03,8.00E-01
-1.27E-03,2.00E-01,-1.27E-03,8.00E-01
-1.27E-03,2.00E-01,-1.27E-03,8.00E-01
-1.27E-03,0,-1.27E-03,0
-1.27E-03,0,-1.27E-03,0
-1.27E-03,0,-1.27E-03,8.00E-01
-1.27E-03,0,-1.27E-03,8.00E-01
-1.27E-03,0,-1.27E-03,8.00E-01
-1.27E-03,0,-1.27E-03,8.00E-01
-1.26E-03,0,-1.26E-03,0
-1.26E-03,2.00E-01,-1.26E-03,8.00E-01
-1.26E-03,0,-1.26E-03,8.00E-01
-1.26E-03,0,-1.26E-03,8.00E-01
-1.26E-03,0,-1.26E-03,0
-1.26E-03,2.00E-01,-1.26E-03,0
-1.26E-03,0,-1.26E-03,0
-1.26E-03,0,-1.26E-03,8.00E-01
-1.26E-03,0,-1.26E-03,8.00E-01
-1.26E-03,0,-1.26E-03,0
-1.25E-03,0,-1.25E-03,8.00E-01
-1.25E-03,0,-1.25E-03,0
-1.25E-03,0,-1.25E-03,8.00E-01
-1.25E-03,0,-1.25E-03,0
-1.25E-03,2.00E-01,-1.25E-03,8.00E-01
-1.25E-03,0,-1.25E-03,8.00E-01
-1.25E-03,0,-1.25E-03,8.00E-01
-1.25E-03,0,-1.25E-03,8.00E-01
-1.25E-03,0,-1.25E-03,8.00E-01
-1.25E-03,0,-1.25E-03,8.00E-01
-1.24E-03,2.00E-01,-1.24E-03,8.00E-01
-1.24E-03,2.00E-01,-1.24E-03,8.00E-01
-1.24E-03,0,-1.24E-03,8.00E-01
-1.24E-03,0,-1.24E-03,8.00E-01
-1.24E-03,0,-1.24E-03,8.00E-01
-1.24E-03,0,-1.24E-03,8.00E-01
-1.24E-03,0,-1.24E-03,8.00E-01
-1.24E-03,0,-1.24E-03,8.00E-01
-1.24E-03,0,-1.24E-03,0
-1.24E-03,2.00E-01,-1.24E-03,8.00E-01
-1.23E-03,2.00E-01,-1.23E-03,8.00E-01
-1.23E-03,2.00E-01,-1.23E-03,0
-1.23E-03,2.00E-01,-1.23E-03,8.00E-01
-1.23E-03,2.00E-01,-1.23E-03,8.00E-01
-1.23E-03,2.00E-01,-1.23E-03,8.00E-01
-1.23E-03,0,-1.23E-03,0
-1.23E-03,0,-1.23E-03,8.00E-01
-1.23E-03,0,-1.23E-03,8.00E-01
-1.23E-03,0,-1.23E-03,0
-1.23E-03,-2.00E-01,-1.23E-03,0
-1.22E-03,0,-1.22E-03,8.00E-01
-1.22E-03,0,-1.22E-03,0
-1.22E-03,0,-1.22E-03,8.00E-01
-1.22E-03,0,-1.22E-03,8.00E-01
-1.22E-03,0,-1.22E-03,8.00E-01
-1.22E-03,0,-1.22E-03,8.00E-01
-1.22E-03,0,-1.22E-03,8.00E-01
-1.22E-03,0,-1.22E-03,0
-1.22E-03,0,-1.22E-03,0
-1.22E-03,2.00E-01,-1.22E-03,0
-1.21E-03,0,-1.21E-03,8.00E-01
-1.21E-03,0,-1.21E-03,8.00E-01
-1.21E-03,0,-1.21E-03,0
-1.21E-03,0,-1.21E-03,0
-1.21E-03,0,-1.21E-03,8.00E-01
-1.21E-03,2.00E-01,-1.21E-03,8.00E-01
-1.21E-03,2.00E-01,-1.21E-03,8.00E-01
-1.21E-03,2.00E-01,-1.21E-03,0
-1.21E-03,0,-1.21E-03,8.00E-01
-1.21E-03,2.00E-01,-1.21E-03,8.00E-01
-1.20E-03,0,-1.20E-03,8.00E-01
-1.20E-03,0,-1.20E-03,0
-1.20E-03,2.00E-01,-1.20E-03,8.00E-01
-1.20E-03,0,-1.20E-03,0
-1.20E-03,0,-1.20E-03,0
-1.20E-03,0,-1.20E-03,8.00E-01
-1.20E-03,0,-1.20E-03,0
-1.20E-03,0,-1.20E-03,0
-1.20E-03,0,-1.20E-03,0
-1.20E-03,0,-1.20E-03,0
-1.19E-03,0,-1.19E-03,0
-1.19E-03,0,-1.19E-03,0
-1.19E-03,2.00E-01,-1.19E-03,8.00E-01
-1.19E-03,2.00E-01,-1.19E-03,0
-1.19E-03,2.00E-01,-1.19E-03,8.00E-01
-1.19E-03,0,-1.19E-03,8.00E-01
-1.19E-03,0,-1.19E-03,8.00E-01
-1.19E-03,0,-1.19E-03,8.00E-01
-1.19E-03,0,-1.19E-03,8.00E-01
-1.19E-03,0,-1.19E-03,8.00E-01
-1.18E-03,0,-1.18E-03,8.00E-01
-1.18E-03,2.00E-01,-1.18E-03,8.00E-01
-1.18E-03,0,-1.18E-03,8.00E-01
-1.18E-03,0,-1.18E-03,8.00E-01
-1.18E-03,0,-1.18E-03,8.00E-01
-1.18E-03,0,-1.18E-03,0
-1.18E-03,0,-1.18E-03,8.00E-01
-1.18E-03,0,-1.18E-03,0
-1.18E-03,0,-1.18E-03,0
-1.18E-03,2.00E-01,-1.18E-03,0
-1.17E-03,0,-1.17E-03,0
-1.17E-03,0,-1.17E-03,8.00E-01
-1.17E-03,0,-1.17E-03,0
-1.17E-03,0,-1.17E-03,8.00E-01
-1.17E-03,0,-1.17E-03,8.00E-01
-1.17E-03,0,-1.17E-03,8.00E-01
-1.17E-03,0,-1.17E-03,8.00E-01
-1.17E-03,0,-1.17E-03,0
-1.17E-03,0,-1.17E-03,8.00E-01
-1.17E-03,0,-1.17E-03,8.00E-01
-1.16E-03,0,-1.16E-03,0
-1.16E-03,0,-1.16E-03,8.00E-01
-1.16E-03,0,-1.16E-03,8.00E-01
-1.16E-03,2.00E-01,-1.16E-03,0
-1.16E-03,0,-1.16E-03,8.00E-01
-1.16E-03,0,-1.16E-03,8.00E-01
-1.16E-03,0,-1.16E-03,8.00E-01
-1.16E-03,0,-1.16E-03,8.00E-01
-1.16E-03,0,-1.16E-03,0
-1.16E-03,0,-1.16E-03,8.00E-01
-1.15E-03,0,-1.15E-03,8.00E-01
-1.15E-03,0,-1.15E-03,0
-1.15E-03,0,-1.15E-03,8.00E-01
-1.15E-03,0,-1.15E-03,8.00E-01
-1.15E-03,0,-1.15E-03,8.00E-01
-1.15E-03,-2.00E-01,-1.15E-03,8.00E-01
-1.15E-03,0,-1.15E-03,8.00E-01
-1.15E-03,2.00E-01,-1.15E-03,8.00E-01
-1.15E-03,0,-1.15E-03,0
-1.15E-03,0,-1.15E-03,0
-1.14E-03,0,-1.14E-03,8.00E-01
-1.14E-03,2.00E-01,-1.14E-03,0
-1.14E-03,0,-1.14E-03,8.00E-01
-1.14E-03,0,-1.14E-03,8.00E-01
-1.14E-03,2.00E-01,-1.14E-03,0
-1.14E-03,0,-1.14E-03,8.00E-01
-1.14E-03,0,-1.14E-03,0
-1.14E-03,0,-1.14E-03,8.00E-01
-1.14E-03,0,-1.14E-03,0
-1.14E-03,2.00E-01,-1.14E-03,0
-1.13E-03,0,-1.13E-03,8.00E-01
-1.13E-03,2.00E-01,-1.13E-03,8.00E-01
-1.13E-03,2.00E-01,-1.13E-03,8.00E-01
-1.13E-03,0,-1.13E-03,8.00E-01
-1.13E-03,0,-1.13E-03,8.00E-01
-1.13E-03,0,-1.13E-03,8.00E-01
-1.13E-03,0,-1.13E-03,8.00E-01
-1.13E-03,0,-1.13E-03,8.00E-01
-1.13E-03,2.00E-01,-1.13E-03,8.00E-01
-1.13E-03,2.00E-01,-1.13E-03,0
-1.12E-03,0,-1.12E-03,8.00E-01
-1.12E-03,2.00E-01,-1.12E-03,8.00E-01
-1.12E-03,0,-1.12E-03,8.00E-01
-1.12E-03,0,-1.12E-03,8.00E-01
-1.12E-03,0,-1.12E-03,8.00E-01
-1.12E-03,0,-1.12E-03,0
-1.12E-03,0,-1.12E-03,8.00E-01
-1.12E-03,0,-1.12E-03,0
-1.12E-03,0,-1.12E-03,8.00E-01
-1.12E-03,0,-1.12E-03,8.00E-01
-1.11E-03,0,-1.11E-03,8.00E-01
-1.11E-03,2.00E-01,-1.11E-03,8.00E-01
-1.11E-03,0,-1.11E-03,8.00E-01
-1.11E-03,0,-1.11E-03,8.00E-01
-1.11E-03,0,-1.11E-03,8.00E-01
-1.11E-03,2.00E-01,-1.11E-03,8.00E-01
-1.11E-03,2.00E-01,-1.11E-03,8.00E-01
-1.11E-03,2.00E-01,-1.11E-03,8.00E-01
-1.11E-03,2.00E-01,-1.11E-03,8.00E-01
-1.11E-03,0,-1.11E-03,8.00E-01
-1.10E-03,0,-1.10E-03,8.00E-01
-1.10E-03,0,-1.10E-03,0
-1.10E-03,0,-1.10E-03,8.00E-01
-1.10E-03,0,-1.10E-03,8.00E-01
-1.10E-03,0,-1.10E-03,8.00E-01
-1.10E-03,0,-1.10E-03,8.00E-01
-1.10E-03,2.00E-01,-1.10E-03,0
-1.10E-03,0,-1.10E-03,8.00E-01
-1.10E-03,0,-1.10E-03,8.00E-01
-1.10E-03,0,-1.10E-03,8.00E-01
-1.09E-03,0,-1.09E-03,8.00E-01
-1.09E-03,0,-1.09E-03,8.00E-01
-1.09E-03,0,-1.09E-03,0
-1.09E-03,2.00E-01,-1.09E-03,8.00E-01
-1.09E-03,0,-1.09E-03,8.00E-01
-1.09E-03,0,-1.09E-03,8.00E-01
-1.09E-03,2.00E-01,-1.09E-03,8.00E-01
-1.09E-03,0,-1.09E-03,8.00E-01
-1.09E-03,0,-1.09E-03,8.00E-01
-1.09E-03,0,-1.09E-03,0
-1.08E-03,0,-1.08E-03,0
-1.08E-03,0,-1.08E-03,8.00E-01
-1.08E-03,0,-1.08E-03,0
-1.08E-03,2.00E-01,-1.08E-03,8.00E-01
-1.08E-03,0,-1.08E-03,8.00E-01
-1.08E-03,0,-1.08E-03,0
-1.08E-03,0,-1.08E-03,0
-1.08E-03,2.00E-01,-1.08E-03,8.00E-01
-1.08E-03,0,-1.08E-03,0
-1.08E-03,0,-1.08E-03,0
-1.07E-03,0,-1.07E-03,8.00E-01
-1.07E-03,0,-1.07E-03,8.00E-01
-1.07E-03,0,-1.07E-03,8.00E-01
-1.07E-03,0,-1.07E-03,0
-1.07E-03,0,-1.07E-03,8.00E-01
-1.07E-03,-2.00E-01,-1.07E-03,8.00E-01
-1.07E-03,0,-1.07E-03,8.00E-01
-1.07E-03,0,-1.07E-03,0
-1.07E-03,2.00E-01,-1.07E-03,8.00E-01
-1.07E-03,0,-1.07E-03,8.00E-01
-1.06E-03,0,-1.06E-03,8.00E-01
-1.06E-03,0,-1.06E-03,8.00E-01
-1.06E-03,0,-1.06E-03,0
-1.06E-03,2.00E-01,-1.06E-03,8.00E-01
-1.06E-03,0,-1.06E-03,8.00E-01
-1.06E-03,0,-1.06E-03,8.00E-01
-1.06E-03,0,-1.06E-03,8.00E-01
-1.06E-03,2.00E-01,-1.06E-03,8.00E-01
-1.06E-03,0,-1.06E-03,8.00E-01
-1.06E-03,2.00E-01,-1.06E-03,8.00E-01
-1.05E-03,0,-1.05E-03,8.00E-01
-1.05E-03,0,-1.05E-03,8.00E-01
-1.05E-03,0,-1.05E-03,0
-1.05E-03,0,-1.05E-03,8.00E-01
-1.05E-03,0,-1.05E-03,8.00E-01
-1.05E-03,0,-1.05E-03,0
-1.05E-03,2.00E-01,-1.05E-03,8.00E-01
-1.05E-03,0,-1.05E-03,8.00E-01
-1.05E-03,2.00E-01,-1.05E-03,0
-1.05E-03,0,-1.05E-03,8.00E-01
-1.04E-03,0,-1.04E-03,8.00E-01
-1.04E-03,0,-1.04E-03,0
-1.04E-03,0,-1.04E-03,8.00E-01
-1.04E-03,0,-1.04E-03,8.00E-01
-1.04E-03,2.00E-01,-1.04E-03,8.00E-01
-1.04E-03,0,-1.04E-03,0
-1.04E-03,0,-1.04E-03,8.00E-01
-1.04E-03,2.00E-01,-1.04E-03,0
-1.04E-03,0,-1.04E-03,8.00E-01
-1.04E-03,0,-1.04E-03,8.00E-01
-1.03E-03,0,-1.03E-03,0
-1.03E-03,0,-1.03E-03,0
-1.03E-03,0,-1.03E-03,8.00E-01
-1.03E-03,0,-1.03E-03,8.00E-01
-1.03E-03,2.00E-01,-1.03E-03,8.00E-01
-1.03E-03,0,-1.03E-03,0
-1.03E-03,0,-1.03E-03,8.00E-01
-1.03E-03,-2.00E-01,-1.03E-03,0
-1.03E-03,0,-1.03E-03,8.00E-01
-1.03E-03,0,-1.03E-03,8.00E-01
-1.02E-03,0,-1.02E-03,8.00E-01
-1.02E-03,0,-1.02E-03,8.00E-01
-1.02E-03,2.00E-01,-1.02E-03,8.00E-01
-1.02E-03,0,-1.02E-03,8.00E-01
-1.02E-03,0,-1.02E-03,0
-1.02E-03,2.00E-01,-1.02E-03,8.00E-01
-1.02E-03,2.00E-01,-1.02E-03,8.00E-01
-1.02E-03,0,-1.02E-03,8.00E-01
-1.02E-03,0,-1.02E-03,8.00E-01
-1.02E-03,0,-1.02E-03,0
-1.01E-03,2.00E-01,-1.01E-03,0
-1.01E-03,0,-1.01E-03,0
-1.01E-03,2.00E-01,-1.01E-03,8.00E-01
-1.01E-03,2.00E-01,-1.01E-03,0
-1.01E-03,0,-1.01E-03,8.00E-01
-1.01E-03,0,-1.01E-03,8.00E-01
-1.01E-03,2.00E-01,-1.01E-03,0
-1.01E-03,2.00E-01,-1.01E-03,8.00E-01
-1.01E-03,0,-1.01E-03,0
-1.01E-03,2.00E-01,-1.01E-03,8.00E-01
-1.00E-03,0,-1.00E-03,8.00E-01
-1.00E-03,2.00E-01,-1.00E-03,8.00E-01
-1.00E-03,0,-1.00E-03,0
-1.00E-03,2.00E-01,-1.00E-03,8.00E-01
-1.00E-03,0,-1.00E-03,8.00E-01
-9.99E-04,2.00E-01,-9.99E-04,8.00E-01
-9.98E-04,0,-9.98E-04,8.00E-01
-9.97E-04,2.00E-01,-9.97E-04,0
-9.96E-04,0,-9.96E-04,8.00E-01
-9.95E-04,2.00E-01,-9.95E-04,8.00E-01
-9.94E-04,0,-9.94E-04,0
-9.93E-04,2.00E-01,-9.93E-04,0
-9.92E-04,0,-9.92E-04,8.00E-01
-9.91E-04,0,-9.91E-04,0
-9.90E-04,2.00E-01,-9.90E-04,0
-9.89E-04,2.00E-01,-9.89E-04,8.00E-01
-9.88E-04,0,-9.88E-04,0
-9.87E-04,2.00E-01,-9.87E-04,0
-9.86E-04,0,-9.86E-04,0
-9.85E-04,2.00E-01,-9.85E-04,8.00E-01
-9.84E-04,2.00E-01,-9.84E-04,8.00E-01
-9.83E-04,0,-9.83E-04,8.00E-01
-9.82E-04,2.00E-01,-9.82E-04,0
-9.81E-04,0,-9.81E-04,8.00E-01
-9.80E-04,0,-9.80E-04,8.00E-01
-9.79E-04,0,-9.79E-04,8.00E-01
-9.78E-04,0,-9.78E-04,8.00E-01
-9.77E-04,2.00E-01,-9.77E-04,0
-9.76E-04,2.00E-01,-9.76E-04,8.00E-01
-9.75E-04,0,-9.75E-04,8.00E-01
-9.74E-04,0,-9.74E-04,8.00E-01
-9.73E-04,2.00E-01,-9.73E-04,0
-9.72E-04,2.00E-01,-9.72E-04,8.00E-01
-9.71E-04,2.00E-01,-9.71E-04,8.00E-01
-9.70E-04,2.00E-01,-9.70E-04,8.00E-01
-9.69E-04,0,-9.69E-04,8.00E-01
-9.68E-04,0,-9.68E-04,8.00E-01
-9.67E-04,0,-9.67E-04,8.00E-01
-9.66E-04,0,-9.66E-04,8.00E-01
-9.65E-04,0,-9.65E-04,8.00E-01
-9.64E-04,0,-9.64E-04,8.00E-01
-9.63E-04,0,-9.63E-04,8.00E-01
-9.62E-04,0,-9.62E-04,0
-9.61E-04,0,-9.61E-04,0
-9.60E-04,0,-9.60E-04,8.00E-01
-9.59E-04,2.00E-01,-9.59E-04,0
-9.58E-04,0,-9.58E-04,8.00E-01
-9.57E-04,0,-9.57E-04,8.00E-01
-9.56E-04,0,-9.56E-04,0
-9.55E-04,0,-9.55E-04,0
-9.54E-04,0,-9.54E-04,0
-9.53E-04,0,-9.53E-04,0
-9.52E-04,0,-9.52E-04,0
-9.51E-04,0,-9.51E-04,8.00E-01
-9.50E-04,0,-9.50E-04,8.00E-01
-9.49E-04,0,-9.49E-04,8.00E-01
-9.48E-04,2.00E-01,-9.48E-04,8.00E-01
-9.47E-04,2.00E-01,-9.47E-04,8.00E-01
-9.46E-04,0,-9.46E-04,8.00E-01
-9.45E-04,0,-9.45E-04,0
-9.44E-04,2.00E-01,-9.44E-04,8.00E-01
-9.43E-04,0,-9.43E-04,8.00E-01
-9.42E-04,2.00E-01,-9.42E-04,8.00E-01
-9.41E-04,0,-9.41E-04,8.00E-01
-9.40E-04,0,-9.40E-04,8.00E-01
-9.39E-04,0,-9.39E-04,8.00E-01
-9.38E-04,0,-9.38E-04,8.00E-01
-9.37E-04,2.00E-01,-9.37E-04,8.00E-01
-9.36E-04,0,-9.36E-04,0
-9.35E-04,-2.00E-01,-9.35E-04,0
-9.34E-04,0,-9.34E-04,8.00E-01
-9.33E-04,2.00E-01,-9.33E-04,8.00E-01
-9.32E-04,-2.00E-01,-9.32E-04,8.00E-01
-9.31E-04,0,-9.31E-04,8.00E-01
-9.30E-04,0,-9.30E-04,0
-9.29E-04,0,-9.29E-04,8.00E-01
-9.28E-04,0,-9.28E-04,8.00E-01
-9.27E-04,0,-9.27E-04,8.00E-01
-9.26E-04,0,-9.26E-04,8.00E-01
-9.25E-04,0,-9.25E-04,0
-9.24E-04,0,-9.24E-04,8.00E-01
-9.23E-04,2.00E-01,-9.23E-04,8.00E-01
-9.22E-04,2.00E-01,-9.22E-04,8.00E-01
-9.21E-04,0,-9.21E-04,8.00E-01
-9.20E-04,0,-9.20E-04,8.00E-01
-9.19E-04,0,-9.19E-04,8.00E-01
-9.18E-04,2.00E-01,-9.18E-04,8.00E-01
-9.17E-04,0,-9.17E-04,0
-9.16E-04,2.00E-01,-9.16E-04,0
-9.15E-04,0,-9.15E-04,0
-9.14E-04,0,-9.14E-04,8.00E-01
-9.13E-04,0,-9.13E-04,8.00E-01
-9.12E-04,0,-9.12E-04,0
-9.11E-04,0,-9.11E-04,0
-9.10E-04,0,-9.10E-04,8.00E-01
-9.09E-04,0,-9.09E-04,8.00E-01
-9.08E-04,2.00E-01,-9.08E-04,8.00E-01
-9.07E-04,0,-9.07E-04,8.00E-01
-9.06E-04,0,-9.06E-04,8.00E-01
-9.05E-04,0,-9.05E-04,8.00E-01
-9.04E-04,0,-9.04E-04,8.00E-01
-9.03E-04,0,-9.03E-04,8.00E-01
-9.02E-04,0,-9.02E-04,8.00E-01
-9.01E-04,0,-9.01E-04,8.00E-01
-9.00E-04,0,-9.00E-04,8.00E-01
-8.99E-04,0,-8.99E-04,8.00E-01
-8.98E-04,0,-8.98E-04,0
-8.97E-04,2.00E-01,-8.97E-04,8.00E-01
-8.96E-04,0,-8.96E-04,0
-8.95E-04,0,-8.95E-04,8.00E-01
-8.94E-04,0,-8.94E-04,0
-8.93E-04,0,-8.93E-04,8.00E-01
-8.92E-04,0,-8.92E-04,8.00E-01
-8.91E-04,0,-8.91E-04,8.00E-01
-8.90E-04,2.00E-01,-8.90E-04,0
-8.89E-04,0,-8.89E-04,8.00E-01
-8.88E-04,2.00E-01,-8.88E-04,8.00E-01
-8.87E-04,0,-8.87E-04,8.00E-01
-8.86E-04,0,-8.86E-04,8.00E-01
-8.85E-04,0,-8.85E-04,8.00E-01
-8.84E-04,0,-8.84E-04,8.00E-01
-8.83E-04,0,-8.83E-04,0
-8.82E-04,0,-8.82E-04,8.00E-01
-8.81E-04,0,-8.81E-04,8.00E-01
-8.80E-04,0,-8.80E-04,0
-8.79E-04,2.00E-01,-8.79E-04,8.00E-01
-8.78E-04,0,-8.78E-04,8.00E-01
-8.77E-04,0,-8.77E-04,8.00E-01
-8.76E-04,0,-8.76E-04,8.00E-01
-8.75E-04,2.00E-01,-8.75E-04,8.00E-01
-8.74E-04,0,-8.74E-04,8.00E-01
-8.73E-04,2.00E-01,-8.73E-04,8.00E-01
-8.72E-04,0,-8.72E-04,8.00E-01
-8.71E-04,2.00E-01,-8.71E-04,8.00E-01
-8.70E-04,2.00E-01,-8.70E-04,8.00E-01
-8.69E-04,0,-8.69E-04,8.00E-01
-8.68E-04,0,-8.68E-04,8.00E-01
-8.67E-04,0,-8.67E-04,8.00E-01
-8.66E-04,0,-8.66E-04,8.00E-01
-8.65E-04,0,-8.65E-04,0
-8.64E-04,2.00E-01,-8.64E-04,8.00E-01
-8.63E-04,0,-8.63E-04,0
-8.62E-04,2.00E-01,-8.62E-04,8.00E-01
-8.61E-04,0,-8.61E-04,8.00E-01
-8.60E-04,0,-8.60E-04,0
-8.59E-04,0,-8.59E-04,8.00E-01
-8.58E-04,0,-8.58E-04,0
-8.57E-04,2.00E-01,-8.57E-04,8.00E-01
-8.56E-04,2.00E-01,-8.56E-04,8.00E-01
-8.55E-04,0,-8.55E-04,0
-8.54E-04,0,-8.54E-04,8.00E-01
-8.53E-04,0,-8.53E-04,8.00E-01
-8.52E-04,0,-8.52E-04,8.00E-01
-8.51E-04,2.00E-01,-8.51E-04,0
-8.50E-04,0,-8.50E-04,0
-8.49E-04,2.00E-01,-8.49E-04,8.00E-01
-8.48E-04,0,-8.48E-04,8.00E-01
-8.47E-04,0,-8.47E-04,8.00E-01
-8.46E-04,0,-8.46E-04,8.00E-01
-8.45E-04,0,-8.45E-04,0
-8.44E-04,0,-8.44E-04,0
-8.43E-04,0,-8.43E-04,8.00E-01
-8.42E-04,0,-8.42E-04,8.00E-01
-8.41E-04,0,-8.41E-04,8.00E-01
-8.40E-04,0,-8.40E-04,0
-8.39E-04,2.00E-01,-8.39E-04,8.00E-01
-8.38E-04,2.00E-01,-8.38E-04,0
-8.37E-04,2.00E-01,-8.37E-04,8.00E-01
-8.36E-04,0,-8.36E-04,8.00E-01
-8.35E-04,0,-8.35E-04,8.00E-01
-8.34E-04,2.00E-01,-8.34E-04,0
-8.33E-04,0,-8.33E-04,8.00E-01
-8.32E-04,0,-8.32E-04,8.00E-01
-8.31E-04,0,-8.31E-04,8.00E-01
-8.30E-04,0,-8.30E-04,8.00E-01
-8.29E-04,0,-8.29E-04,0
-8.28E-04,0,-8.28E-04,8.00E-01
-8.27E-04,0,-8.27E-04,8.00E-01
-8.26E-04,0,-8.26E-04,8.00E-01
-8.25E-04,2.00E-01,-8.25E-04,8.00E-01
-8.24E-04,2.00E-01,-8.24E-04,0
-8.23E-04,0,-8.23E-04,0
-8.22E-04,0,-8.22E-04,0
-8.21E-04,0,-8.21E-04,0
-8.20E-04,0,-8.20E-04,8.00E-01
-8.19E-04,0,-8.19E-04,8.00E-01
-8.18E-04,0,-8.18E-04,8.00E-01
-8.17E-04,0,-8.17E-04,8.00E-01
-8.16E-04,0,-8.16E-04,8.00E-01
-8.15E-04,0,-8.15E-04,8.00E-01
-8.14E-04,0,-8.14E-04,0
-8.13E-04,0,-8.13E-04,8.00E-01
-8.12E-04,0,-8.12E-04,0
-8.11E-04,0,-8.11E-04,8.00E-01
-8.10E-04,0,-8.10E-04,8.00E-01
-8.09E-04,0,-8.09E-04,8.00E-01
-8.08E-04,0,-8.08E-04,0
-8.07E-04,0,-8.07E-04,8.00E-01
-8.06E-04,2.00E-01,-8.06E-04,0
-8.05E-04,0,-8.05E-04,8.00E-01
-8.04E-04,0,-8.04E-04,0
-8.03E-04,0,-8.03E-04,8.00E-01
-8.02E-04,0,-8.02E-04,8.00E-01
-8.01E-04,0,-8.01E-04,8.00E-01
-8.00E-04,0,-8.00E-04,8.00E-01
-7.99E-04,2.00E-01,-7.99E-04,8.00E-01
-7.98E-04,2.00E-01,-7.98E-04,8.00E-01
-7.97E-04,0,-7.97E-04,0
-7.96E-04,0,-7.96E-04,8.00E-01
-7.95E-04,0,-7.95E-04,8.00E-01
-7.94E-04,0,-7.94E-04,8.00E-01
-7.93E-04,0,-7.93E-04,8.00E-01
-7.92E-04,0,-7.92E-04,0
-7.91E-04,0,-7.91E-04,8.00E-01
-7.90E-04,0,-7.90E-04,8.00E-01
-7.89E-04,0,-7.89E-04,0
-7.88E-04,0,-7.88E-04,8.00E-01
-7.87E-04,0,-7.87E-04,0
-7.86E-04,0,-7.86E-04,0
-7.85E-04,0,-7.85E-04,0
-7.84E-04,0,-7.84E-04,8.00E-01
-7.83E-04,0,-7.83E-04,0
-7.82E-04,0,-7.82E-04,8.00E-01
-7.81E-04,0,-7.81E-04,0
-7.80E-04,0,-7.80E-04,0
-7.79E-04,0,-7.79E-04,8.00E-01
-7.78E-04,0,-7.78E-04,8.00E-01
-7.77E-04,0,-7.77E-04,8.00E-01
-7.76E-04,0,-7.76E-04,8.00E-01
-7.75E-04,0,-7.75E-04,8.00E-01
-7.74E-04,0,-7.74E-04,8.00E-01
-7.73E-04,0,-7.73E-04,8.00E-01
-7.72E-04,0,-7.72E-04,8.00E-01
-7.71E-04,0,-7.71E-04,0
-7.70E-04,0,-7.70E-04,8.00E-01
-7.69E-04,2.00E-01,-7.69E-04,8.00E-01
-7.68E-04,0,-7.68E-04,0
-7.67E-04,0,-7.67E-04,8.00E-01
-7.66E-04,0,-7.66E-04,0
-7.65E-04,0,-7.65E-04,8.00E-01
-7.64E-04,0,-7.64E-04,8.00E-01
-7.63E-04,0,-7.63E-04,8.00E-01
-7.62E-04,0,-7.62E-04,0
-7.61E-04,0,-7.61E-04,8.00E-01
-7.60E-04,0,-7.60E-04,8.00E-01
-7.59E-04,0,-7.59E-04,8.00E-01
-7.58E-04,0,-7.58E-04,8.00E-01
-7.57E-04,0,-7.57E-04,8.00E-01
-7.56E-04,0,-7.56E-04,8.00E-01
-7.55E-04,2.00E-01,-7.55E-04,8.00E-01
-7.54E-04,2.00E-01,-7.54E-04,8.00E-01
-7.53E-04,0,-7.53E-04,8.00E-01
-7.52E-04,2.00E-01,-7.52E-04,8.00E-01
-7.51E-04,0,-7.51E-04,8.00E-01
-7.50E-04,2.00E-01,-7.50E-04,8.00E-01
-7.49E-04,0,-7.49E-04,0
-7.48E-04,0,-7.48E-04,8.00E-01
-7.47E-04,2.00E-01,-7.47E-04,0
-7.46E-04,0,-7.46E-04,8.00E-01
-7.45E-04,0,-7.45E-04,8.00E-01
-7.44E-04,0,-7.44E-04,0
-7.43E-04,0,-7.43E-04,8.00E-01
-7.42E-04,0,-7.42E-04,8.00E-01
-7.41E-04,0,-7.41E-04,8.00E-01
-7.40E-04,0,-7.40E-04,8.00E-01
-7.39E-04,0,-7.39E-04,8.00E-01
-7.38E-04,0,-7.38E-04,8.00E-01
-7.37E-04,0,-7.37E-04,8.00E-01
-7.36E-04,2.00E-01,-7.36E-04,8.00E-01
-7.35E-04,0,-7.35E-04,8.00E-01
-7.34E-04,2.00E-01,-7.34E-04,0
-7.33E-04,2.00E-01,-7.33E-04,8.00E-01
-7.32E-04,0,-7.32E-04,8.00E-01
-7.31E-04,0,-7.31E-04,8.00E-01
-7.30E-04,2.00E-01,-7.30E-04,0
-7.29E-04,0,-7.29E-04,0
-7.28E-04,0,-7.28E-04,0
-7.27E-04,2.00E-01,-7.27E-04,8.00E-01
-7.26E-04,0,-7.26E-04,8.00E-01
-7.25E-04,2.00E-01,-7.25E-04,8.00E-01
-7.24E-04,2.00E-01,-7.24E-04,8.00E-01
-7.23E-04,0,-7.23E-04,8.00E-01
-7.22E-04,0,-7.22E-04,8.00E-01
-7.21E-04,2.00E-01,-7.21E-04,8.00E-01
-7.20E-04,2.00E-01,-7.20E-04,8.00E-01
-7.19E-04,0,-7.19E-04,8.00E-01
-7.18E-04,2.00E-01,-7.18E-04,8.00E-01
-7.17E-04,0,-7.17E-04,8.00E-01
-7.16E-04,0,-7.16E-04,0
-7.15E-04,0,-7.15E-04,8.00E-01
-7.14E-04,0,-7.14E-04,0
-7.13E-04,0,-7.13E-04,8.00E-01
-7.12E-04,0,-7.12E-04,0
-7.11E-04,0,-7.11E-04,8.00E-01
-7.10E-04,0,-7.10E-04,8.00E-01
-7.09E-04,0,-7.09E-04,0
-7.08E-04,0,-7.08E-04,0
-7.07E-04,0,-7.07E-04,0
-7.06E-04,2.00E-01,-7.06E-04,8.00E-01
-7.05E-04,2.00E-01,-7.05E-04,8.00E-01
-7.04E-04,0,-7.04E-04,8.00E-01
-7.03E-04,2.00E-01,-7.03E-04,8.00E-01
-7.02E-04,0,-7.02E-04,8.00E-01
-7.01E-04,0,-7.01E-04,0
-7.00E-04,0,-7.00E-04,8.00E-01
-6.99E-04,0,-6.99E-04,0
-6.98E-04,0,-6.98E-04,8.00E-01
-6.97E-04,2.00E-01,-6.97E-04,8.00E-01
-6.96E-04,0,-6.96E-04,8.00E-01
-6.95E-04,2.00E-01,-6.95E-04,8.00E-01
-6.94E-04,2.00E-01,-6.94E-04,0
-6.93E-04,0,-6.93E-04,8.00E-01
-6.92E-04,0,-6.92E-04,8.00E-01
-6.91E-04,0,-6.91E-04,0
-6.90E-04,2.00E-01,-6.90E-04,8.00E-01
-6.89E-04,2.00E-01,-6.89E-04,8.00E-01
-6.88E-04,0,-6.88E-04,0
-6.87E-04,0,-6.87E-04,8.00E-01
-6.86E-04,0,-6.86E-04,0
-6.85E-04,0,-6.85E-04,8.00E-01
-6.84E-04,0,-6.84E-04,8.00E-01
-6.83E-04,2.00E-01,-6.83E-04,8.00E-01
-6.82E-04,0,-6.82E-04,8.00E-01
-6.81E-04,0,-6.81E-04,8.00E-01
-6.80E-04,2.00E-01,-6.80E-04,8.00E-01
-6.79E-04,0,-6.79E-04,8.00E-01
-6.78E-04,2.00E-01,-6.78E-04,0
-6.77E-04,0,-6.77E-04,8.00E-01
-6.76E-04,0,-6.76E-04,0
-6.75E-04,0,-6.75E-04,0
-6.74E-04,0,-6.74E-04,0
-6.73E-04,0,-6.73E-04,8.00E-01
-6.72E-04,0,-6.72E-04,8.00E-01
-6.71E-04,0,-6.71E-04,8.00E-01
-6.70E-04,0,-6.70E-04,8.00E-01
-6.69E-04,0,-6.69E-04,8.00E-01
-6.68E-04,0,-6.68E-04,8.00E-01
-6.67E-04,2.00E-01,-6.67E-04,8.00E-01
-6.66E-04,0,-6.66E-04,8.00E-01
-6.65E-04,0,-6.65E-04,8.00E-01
-6.64E-04,0,-6.64E-04,8.00E-01
-6.63E-04,0,-6.63E-04,0
-6.62E-04,0,-6.62E-04,8.00E-01
-6.61E-04,0,-6.61E-04,8.00E-01
-6.60E-04,2.00E-01,-6.60E-04,0
-6.59E-04,2.00E-01,-6.59E-04,8.00E-01
-6.58E-04,2.00E-01,-6.58E-04,0
-6.57E-04,0,-6.57E-04,0
-6.56E-04,0,-6.56E-04,8.00E-01
-6.55E-04,0,-6.55E-04,8.00E-01
-6.54E-04,0,-6.54E-04,8.00E-01
-6.53E-04,0,-6.53E-04,8.00E-01
-6.52E-04,0,-6.52E-04,8.00E-01
-6.51E-04,0,-6.51E-04,8.00E-01
-6.50E-04,0,-6.50E-04,0
-6.49E-04,0,-6.49E-04,8.00E-01
-6.48E-04,0,-6.48E-04,8.00E-01
-6.47E-04,0,-6.47E-04,0
-6.46E-04,0,-6.46E-04,8.00E-01
-6.45E-04,2.00E-01,-6.45E-04,8.00E-01
-6.44E-04,0,-6.44E-04,0
-6.43E-04,0,-6.43E-04,8.00E-01
-6.42E-04,0,-6.42E-04,8.00E-01
-6.41E-04,0,-6.41E-04,0
-6.40E-04,0,-6.40E-04,0
-6.39E-04,0,-6.39E-04,0
-6.38E-04,0,-6.38E-04,0
-6.37E-04,0,-6.37E-04,8.00E-01
-6.36E-04,0,-6.36E-04,8.00E-01
-6.35E-04,2.00E-01,-6.35E-04,8.00E-01
-6.34E-04,0,-6.34E-04,0
-6.33E-04,0,-6.33E-04,0
-6.32E-04,0,-6.32E-04,0
-6.31E-04,2.00E-01,-6.31E-04,0
-6.30E-04,0,-6.30E-04,0
-6.29E-04,-2.00E-01,-6.29E-04,8.00E-01
-6.28E-04,0,-6.28E-04,8.00E-01
-6.27E-04,0,-6.27E-04,8.00E-01
-6.26E-04,0,-6.26E-04,8.00E-01
-6.25E-04,0,-6.25E-04,8.00E-01
-6.24E-04,2.00E-01,-6.24E-04,0
-6.23E-04,2.00E-01,-6.23E-04,8.00E-01
-6.22E-04,0,-6.22E-04,0
-6.21E-04,2.00E-01,-6.21E-04,8.00E-01
-6.20E-04,0,-6.20E-04,0
-6.19E-04,0,-6.19E-04,0
-6.18E-04,0,-6.18E-04,0
-6.17E-04,0,-6.17E-04,8.00E-01
-6.16E-04,0,-6.16E-04,8.00E-01
-6.15E-04,2.00E-01,-6.15E-04,0
-6.14E-04,0,-6.14E-04,8.00E-01
-6.13E-04,0,-6.13E-04,0
-6.12E-04,0,-6.12E-04,0
-6.11E-04,0,-6.11E-04,8.00E-01
-6.10E-04,2.00E-01,-6.10E-04,8.00E-01
-6.09E-04,0,-6.09E-04,8.00E-01
-6.08E-04,0,-6.08E-04,8.00E-01
-6.07E-04,2.00E-01,-6.07E-04,8.00E-01
-6.06E-04,2.00E-01,-6.06E-04,8.00E-01
-6.05E-04,0,-6.05E-04,8.00E-01
-6.04E-04,0,-6.04E-04,8.00E-01
-6.03E-04,0,-6.03E-04,8.00E-01
-6.02E-04,0,-6.02E-04,0
-6.01E-04,0,-6.01E-04,8.00E-01
-6.00E-04,0,-6.00E-04,0
-5.99E-04,2.00E-01,-5.99E-04,8.00E-01
-5.98E-04,2.00E-01,-5.98E-04,8.00E-01
-5.97E-04,0,-5.97E-04,8.00E-01
-5.96E-04,0,-5.96E-04,8.00E-01
-5.95E-04,0,-5.95E-04,8.00E-01
-5.94E-04,0,-5.94E-04,8.00E-01
-5.93E-04,0,-5.93E-04,8.00E-01
-5.92E-04,2.00E-01,-5.92E-04,8.00E-01
-5.91E-04,0,-5.91E-04,8.00E-01
-5.90E-04,0,-5.90E-04,0
-5.89E-04,0,-5.89E-04,8.00E-01
-5.88E-04,0,-5.88E-04,0
-5.87E-04,0,-5.87E-04,8.00E-01
-5.86E-04,0,-5.86E-04,8.00E-01
-5.85E-04,0,-5.85E-04,8.00E-01
-5.84E-04,0,-5.84E-04,0
-5.83E-04,0,-5.83E-04,8.00E-01
-5.82E-04,0,-5.82E-04,0
-5.81E-04,2.00E-01,-5.81E-04,0
-5.80E-04,0,-5.80E-04,0
-5.79E-04,2.00E-01,-5.79E-04,8.00E-01
-5.78E-04,0,-5.78E-04,8.00E-01
-5.77E-04,2.00E-01,-5.77E-04,8.00E-01
-5.76E-04,2.00E-01,-5.76E-04,8.00E-01
-5.75E-04,0,-5.75E-04,8.00E-01
-5.74E-04,0,-5.74E-04,8.00E-01
-5.73E-04,2.00E-01,-5.73E-04,8.00E-01
-5.72E-04,0,-5.72E-04,8.00E-01
-5.71E-04,0,-5.71E-04,8.00E-01
-5.70E-04,2.00E-01,-5.70E-04,8.00E-01
-5.69E-04,0,-5.69E-04,0
-5.68E-04,0,-5.68E-04,0
-5.67E-04,2.00E-01,-5.67E-04,0
-5.66E-04,2.00E-01,-5.66E-04,8.00E-01
-5.65E-04,0,-5.65E-04,8.00E-01
-5.64E-04,0,-5.64E-04,0
-5.63E-04,2.00E-01,-5.63E-04,8.00E-01
-5.62E-04,0,-5.62E-04,8.00E-01
-5.61E-04,0,-5.61E-04,8.00E-01
-5.60E-04,0,-5.60E-04,8.00E-01
-5.59E-04,0,-5.59E-04,8.00E-01
-5.58E-04,0,-5.58E-04,0
-5.57E-04,0,-5.57E-04,8.00E-01
-5.56E-04,0,-5.56E-04,8.00E-01
-5.55E-04,0,-5.55E-04,8.00E-01
-5.54E-04,0,-5.54E-04,8.00E-01
-5.53E-04,-2.00E-01,-5.53E-04,8.00E-01
-5.52E-04,0,-5.52E-04,0
-5.51E-04,0,-5.51E-04,8.00E-01
-5.50E-04,0,-5.50E-04,8.00E-01
-5.49E-04,0,-5.49E-04,0
-5.48E-04,0,-5.48E-04,8.00E-01
-5.47E-04,0,-5.47E-04,8.00E-01
-5.46E-04,0,-5.46E-04,8.00E-01
-5.45E-04,2.00E-01,-5.45E-04,0
-5.44E-04,0,-5.44E-04,8.00E-01
-5.43E-04,0,-5.43E-04,8.00E-01
-5.42E-04,0,-5.42E-04,8.00E-01
-5.41E-04,0,-5.41E-04,0
-5.40E-04,2.00E-01,-5.40E-04,8.00E-01
-5.39E-04,0,-5.39E-04,8.00E-01
-5.38E-04,0,-5.38E-04,8.00E-01
-5.37E-04,0,-5.37E-04,0
-5.36E-04,0,-5.36E-04,8.00E-01
-5.35E-04,0,-5.35E-04,8.00E-01
-5.34E-04,2.00E-01,-5.34E-04,0
-5.33E-04,0,-5.33E-04,8.00E-01
-5.32E-04,2.00E-01,-5.32E-04,8.00E-01
-5.31E-04,0,-5.31E-04,8.00E-01
-5.30E-04,0,-5.30E-04,8.00E-01
-5.29E-04,0,-5.29E-04,8.00E-01
-5.28E-04,2.00E-01,-5.28E-04,8.00E-01
-5.27E-04,0,-5.27E-04,0
-5.26E-04,0,-5.26E-04,8.00E-01
-5.25E-04,0,-5.25E-04,0
-5.24E-04,2.00E-01,-5.24E-04,8.00E-01
-5.23E-04,0,-5.23E-04,0
-5.22E-04,0,-5.22E-04,8.00E-01
-5.21E-04,0,-5.21E-04,8.00E-01
-5.20E-04,2.00E-01,-5.20E-04,8.00E-01
-5.19E-04,0,-5.19E-04,8.00E-01
-5.18E-04,2.00E-01,-5.18E-04,0
-5.17E-04,2.00E-01,-5.17E-04,8.00E-01
-5.16E-04,0,-5.16E-04,8.00E-01
-5.15E-04,0,-5.15E-04,0
-5.14E-04,0,-5.14E-04,8.00E-01
-5.13E-04,2.00E-01,-5.13E-04,8.00E-01
-5.12E-04,2.00E-01,-5.12E-04,0
-5.11E-04,0,-5.11E-04,0
-5.10E-04,2.00E-01,-5.10E-04,0
-5.09E-04,2.00E-01,-5.09E-04,0
-5.08E-04,0,-5.08E-04,0
-5.07E-04,0,-5.07E-04,8.00E-01
-5.06E-04,0,-5.06E-04,8.00E-01
-5.05E-04,0,-5.05E-04,8.00E-01
-5.04E-04,0,-5.04E-04,8.00E-01
-5.03E-04,0,-5.03E-04,8.00E-01
-5.02E-04,0,-5.02E-04,8.00E-01
-5.01E-04,0,-5.01E-04,8.00E-01
-5.00E-04,0,-5.00E-04,8.00E-01
-4.99E-04,0,-4.99E-04,8.00E-01
-4.98E-04,0,-4.98E-04,8.00E-01
-4.97E-04,2.00E-01,-4.97E-04,8.00E-01
-4.96E-04,0,-4.96E-04,8.00E-01
-4.95E-04,0,-4.95E-04,0
-4.94E-04,0,-4.94E-04,0
-4.93E-04,0,-4.93E-04,8.00E-01
-4.92E-04,0,-4.92E-04,8.00E-01
-4.91E-04,0,-4.91E-04,0
-4.90E-04,0,-4.90E-04,0
-4.89E-04,0,-4.89E-04,0
-4.88E-04,0,-4.88E-04,0
-4.87E-04,0,-4.87E-04,8.00E-01
-4.86E-04,0,-4.86E-04,0
-4.85E-04,0,-4.85E-04,8.00E-01
-4.84E-04,2.00E-01,-4.84E-04,0
-4.83E-04,0,-4.83E-04,0
-4.82E-04,2.00E-01,-4.82E-04,8.00E-01
-4.81E-04,0,-4.81E-04,0
-4.80E-04,0,-4.80E-04,8.00E-01
-4.79E-04,0,-4.79E-04,8.00E-01
-4.78E-04,0,-4.78E-04,8.00E-01
-4.77E-04,2.00E-01,-4.77E-04,0
-4.76E-04,0,-4.76E-04,8.00E-01
-4.75E-04,0,-4.75E-04,0
-4.74E-04,0,-4.74E-04,0
-4.73E-04,0,-4.73E-04,8.00E-01
-4.72E-04,0,-4.72E-04,0
-4.71E-04,0,-4.71E-04,8.00E-01
-4.70E-04,0,-4.70E-04,8.00E-01
-4.69E-04,0,-4.69E-04,0
-4.68E-04,0,-4.68E-04,8.00E-01
-4.67E-04,0,-4.67E-04,0
-4.66E-04,0,-4.66E-04,8.00E-01
-4.65E-04,0,-4.65E-04,8.00E-01
-4.64E-04,0,-4.64E-04,8.00E-01
-4.63E-04,2.00E-01,-4.63E-04,8.00E-01
-4.62E-04,2.00E-01,-4.62E-04,8.00E-01
-4.61E-04,0,-4.61E-04,8.00E-01
-4.60E-04,0,-4.60E-04,8.00E-01
-4.59E-04,0,-4.59E-04,8.00E-01
-4.58E-04,0,-4.58E-04,8.00E-01
-4.57E-04,0,-4.57E-04,0
-4.56E-04,0,-4.56E-04,0
-4.55E-04,0,-4.55E-04,8.00E-01
-4.54E-04,0,-4.54E-04,0
-4.53E-04,0,-4.53E-04,0
-4.52E-04,0,-4.52E-04,0
-4.51E-04,2.00E-01,-4.51E-04,0
-4.50E-04,-2.00E-01,-4.50E-04,0
-4.49E-04,0,-4.49E-04,0
-4.48E-04,0,-4.48E-04,0
-4.47E-04,0,-4.47E-04,0
-4.46E-04,0,-4.46E-04,8.00E-01
-4.45E-04,0,-4.45E-04,8.00E-01
-4.44E-04,0,-4.44E-04,8.00E-01
-4.43E-04,2.00E-01,-4.43E-04,8.00E-01
-4.42E-04,0,-4.42E-04,8.00E-01
-4.41E-04,0,-4.41E-04,8.00E-01
-4.40E-04,0,-4.40E-04,8.00E-01
-4.39E-04,0,-4.39E-04,8.00E-01
-4.38E-04,0,-4.38E-04,8.00E-01
-4.37E-04,0,-4.37E-04,0
-4.36E-04,0,-4.36E-04,8.00E-01
-4.35E-04,0,-4.35E-04,8.00E-01
-4.34E-04,2.00E-01,-4.34E-04,8.00E-01
-4.33E-04,0,-4.33E-04,0
-4.32E-04,0,-4.32E-04,8.00E-01
-4.31E-04,2.00E-01,-4.31E-04,0
-4.30E-04,0,-4.30E-04,8.00E-01
-4.29E-04,0,-4.29E-04,8.00E-01
-4.28E-04,2.00E-01,-4.28E-04,8.00E-01
-4.27E-04,0,-4.27E-04,8.00E-01
-4.26E-04,2.00E-01,-4.26E-04,8.00E-01
-4.25E-04,0,-4.25E-04,8.00E-01
-4.24E-04,0,-4.24E-04,0
-4.23E-04,0,-4.23E-04,8.00E-01
-4.22E-04,0,-4.22E-04,8.00E-01
-4.21E-04,2.00E-01,-4.21E-04,8.00E-01
-4.20E-04,0,-4.20E-04,8.00E-01
-4.19E-04,0,-4.19E-04,0
-4.18E-04,0,-4.18E-04,0
-4.17E-04,0,-4.17E-04,8.00E-01
-4.16E-04,0,-4.16E-04,0
-4.15E-04,2.00E-01,-4.15E-04,0
-4.14E-04,0,-4.14E-04,8.00E-01
-4.13E-04,0,-4.13E-04,8.00E-01
-4.12E-04,0,-4.12E-04,8.00E-01
-4.11E-04,0,-4.11E-04,0
-4.10E-04,0,-4.10E-04,8.00E-01
-4.09E-04,0,-4.09E-04,8.00E-01
-4.08E-04,0,-4.08E-04,8.00E-01
-4.07E-04,0,-4.07E-04,8.00E-01
-4.06E-04,0,-4.06E-04,0
-4.05E-04,2.00E-01,-4.05E-04,0
-4.04E-04,2.00E-01,-4.04E-04,8.00E-01
-4.03E-04,0,-4.03E-04,8.00E-01
-4.02E-04,0,-4.02E-04,8.00E-01
-4.01E-04,2.00E-01,-4.01E-04,0
-4.00E-04,0,-4.00E-04,8.00E-01
-3.99E-04,0,-3.99E-04,0
-3.98E-04,0,-3.98E-04,0
-3.97E-04,2.00E-01,-3.97E-04,0
-3.96E-04,0,-3.96E-04,8.00E-01
-3.95E-04,0,-3.95E-04,0
-3.94E-04,0,-3.94E-04,8.00E-01
-3.93E-04,0,-3.93E-04,0
-3.92E-04,0,-3.92E-04,8.00E-01
-3.91E-04,0,-3.91E-04,8.00E-01
-3.90E-04,0,-3.90E-04,8.00E-01
-3.89E-04,2.00E-01,-3.89E-04,8.00E-01
-3.88E-04,0,-3.88E-04,8.00E-01
-3.87E-04,0,-3.87E-04,8.00E-01
-3.86E-04,0,-3.86E-04,8.00E-01
-3.85E-04,0,-3.85E-04,8.00E-01
-3.84E-04,0,-3.84E-04,8.00E-01
-3.83E-04,2.00E-01,-3.83E-04,8.00E-01
-3.82E-04,0,-3.82E-04,8.00E-01
-3.81E-04,0,-3.81E-04,0
-3.80E-04,0,-3.80E-04,8.00E-01
-3.79E-04,0,-3.79E-04,0
-3.78E-04,0,-3.78E-04,8.00E-01
-3.77E-04,0,-3.77E-04,0
-3.76E-04,0,-3.76E-04,8.00E-01
-3.75E-04,0,-3.75E-04,8.00E-01
-3.74E-04,2.00E-01,-3.74E-04,8.00E-01
-3.73E-04,2.00E-01,-3.73E-04,8.00E-01
-3.72E-04,2.00E-01,-3.72E-04,8.00E-01
-3.71E-04,0,-3.71E-04,0
-3.70E-04,2.00E-01,-3.70E-04,8.00E-01
-3.69E-04,0,-3.69E-04,8.00E-01
-3.68E-04,2.00E-01,-3.68E-04,8.00E-01
-3.67E-04,0,-3.67E-04,8.00E-01
-3.66E-04,0,-3.66E-04,8.00E-01
-3.65E-04,0,-3.65E-04,8.00E-01
-3.64E-04,0,-3.64E-04,8.00E-01
-3.63E-04,0,-3.63E-04,8.00E-01
-3.62E-04,0,-3.62E-04,8.00E-01
-3.61E-04,2.00E-01,-3.61E-04,8.00E-01
-3.60E-04,0,-3.60E-04,8.00E-01
-3.59E-04,0,-3.59E-04,8.00E-01
-3.58E-04,2.00E-01,-3.58E-04,8.00E-01
-3.57E-04,0,-3.57E-04,8.00E-01
-3.56E-04,0,-3.56E-04,0
-3.55E-04,0,-3.55E-04,8.00E-01
-3.54E-04,2.00E-01,-3.54E-04,8.00E-01
-3.53E-04,0,-3.53E-04,8.00E-01
-3.52E-04,0,-3.52E-04,8.00E-01
-3.51E-04,0,-3.51E-04,8.00E-01
-3.50E-04,0,-3.50E-04,8.00E-01
-3.49E-04,0,-3.49E-04,8.00E-01
-3.48E-04,0,-3.48E-04,8.00E-01
-3.47E-04,0,-3.47E-04,8.00E-01
-3.46E-04,2.00E-01,-3.46E-04,8.00E-01
-3.45E-04,0,-3.45E-04,8.00E-01
-3.44E-04,0,-3.44E-04,8.00E-01
-3.43E-04,0,-3.43E-04,0
-3.42E-04,0,-3.42E-04,8.00E-01
-3.41E-04,0,-3.41E-04,8.00E-01
-3.40E-04,0,-3.40E-04,0
-3.39E-04,0,-3.39E-04,8.00E-01
-3.38E-04,0,-3.38E-04,8.00E-01
-3.37E-04,0,-3.37E-04,8.00E-01
-3.36E-04,2.00E-01,-3.36E-04,8.00E-01
-3.35E-04,0,-3.35E-04,8.00E-01
-3.34E-04,0,-3.34E-04,0
-3.33E-04,0,-3.33E-04,0
-3.32E-04,0,-3.32E-04,8.00E-01
-3.31E-04,0,-3.31E-04,0
-3.30E-04,2.00E-01,-3.30E-04,8.00E-01
-3.29E-04,0,-3.29E-04,8.00E-01
-3.28E-04,0,-3.28E-04,8.00E-01
-3.27E-04,0,-3.27E-04,0
-3.26E-04,0,-3.26E-04,8.00E-01
-3.25E-04,0,-3.25E-04,0
-3.24E-04,0,-3.24E-04,8.00E-01
-3.23E-04,0,-3.23E-04,0
-3.22E-04,0,-3.22E-04,8.00E-01
-3.21E-04,2.00E-01,-3.21E-04,0
-3.20E-04,0,-3.20E-04,0
-3.19E-04,0,-3.19E-04,8.00E-01
-3.18E-04,0,-3.18E-04,8.00E-01
-3.17E-04,0,-3.17E-04,8.00E-01
-3.16E-04,2.00E-01,-3.16E-04,8.00E-01
-3.15E-04,2.00E-01,-3.15E-04,0
-3.14E-04,0,-3.14E-04,8.00E-01
-3.13E-04,2.00E-01,-3.13E-04,8.00E-01
-3.12E-04,0,-3.12E-04,8.00E-01
-3.11E-04,0,-3.11E-04,8.00E-01
-3.10E-04,0,-3.10E-04,8.00E-01
-3.09E-04,0,-3.09E-04,0
-3.08E-04,2.00E-01,-3.08E-04,0
-3.07E-04,0,-3.07E-04,0
-3.06E-04,0,-3.06E-04,8.00E-01
-3.05E-04,0,-3.05E-04,8.00E-01
-3.04E-04,0,-3.04E-04,0
-3.03E-04,0,-3.03E-04,8.00E-01
-3.02E-04,0,-3.02E-04,8.00E-01
-3.01E-04,0,-3.01E-04,8.00E-01
-3.00E-04,0,-3.00E-04,8.00E-01
-2.99E-04,0,-2.99E-04,8.00E-01
-2.98E-04,0,-2.98E-04,0
-2.97E-04,0,-2.97E-04,8.00E-01
-2.96E-04,0,-2.96E-04,8.00E-01
-2.95E-04,0,-2.95E-04,8.00E-01
-2.94E-04,0,-2.94E-04,8.00E-01
-2.93E-04,0,-2.93E-04,8.00E-01
-2.92E-04,0,-2.92E-04,8.00E-01
-2.91E-04,0,-2.91E-04,8.00E-01
-2.90E-04,0,-2.90E-04,8.00E-01
-2.89E-04,0,-2.89E-04,8.00E-01
-2.88E-04,2.00E-01,-2.88E-04,8.00E-01
-2.87E-04,0,-2.87E-04,0
-2.86E-04,0,-2.86E-04,0
-2.85E-04,0,-2.85E-04,8.00E-01
-2.84E-04,0,-2.84E-04,0
-2.83E-04,0,-2.83E-04,0
-2.82E-04,0,-2.82E-04,8.00E-01
-2.81E-04,0,-2.81E-04,8.00E-01
-2.80E-04,2.00E-01,-2.80E-04,8.00E-01
-2.79E-04,2.00E-01,-2.79E-04,8.00E-01
-2.78E-04,0,-2.78E-04,0
-2.77E-04,0,-2.77E-04,8.00E-01
-2.76E-04,2.00E-01,-2.76E-04,8.00E-01
-2.75E-04,2.00E-01,-2.75E-04,8.00E-01
-2.74E-04,0,-2.74E-04,8.00E-01
-2.73E-04,2.00E-01,-2.73E-04,8.00E-01
-2.72E-04,0,-2.72E-04,8.00E-01
-2.71E-04,2.00E-01,-2.71E-04,0
-2.70E-04,2.00E-01,-2.70E-04,8.00E-01
-2.69E-04,0,-2.69E-04,8.00E-01
-2.68E-04,0,-2.68E-04,0
-2.67E-04,0,-2.67E-04,8.00E-01
-2.66E-04,0,-2.66E-04,0
-2.65E-04,2.00E-01,-2.65E-04,8.00E-01
-2.64E-04,0,-2.64E-04,8.00E-01
-2.63E-04,2.00E-01,-2.63E-04,0
-2.62E-04,0,-2.62E-04,8.00E-01
-2.61E-04,0,-2.61E-04,8.00E-01
-2.60E-04,0,-2.60E-04,8.00E-01
-2.59E-04,0,-2.59E-04,8.00E-01
-2.58E-04,0,-2.58E-04,8.00E-01
-2.57E-04,0,-2.57E-04,8.00E-01
-2.56E-04,0,-2.56E-04,8.00E-01
-2.55E-04,0,-2.55E-04,8.00E-01
-2.54E-04,0,-2.54E-04,8.00E-01
-2.53E-04,0,-2.53E-04,8.00E-01
-2.52E-04,0,-2.52E-04,8.00E-01
-2.51E-04,0,-2.51E-04,8.00E-01
-2.50E-04,0,-2.50E-04,8.00E-01
-2.49E-04,0,-2.49E-04,8.00E-01
-2.48E-04,0,-2.48E-04,0
-2.47E-04,0,-2.47E-04,8.00E-01
-2.46E-04,0,-2.46E-04,0
-2.45E-04,0,-2.45E-04,8.00E-01
-2.44E-04,0,-2.44E-04,8.00E-01
-2.43E-04,2.00E-01,-2.43E-04,8.00E-01
-2.42E-04,0,-2.42E-04,0
-2.41E-04,2.00E-01,-2.41E-04,0
-2.40E-04,0,-2.40E-04,8.00E-01
-2.39E-04,2.00E-01,-2.39E-04,8.00E-01
-2.38E-04,0,-2.38E-04,8.00E-01
-2.37E-04,0,-2.37E-04,8.00E-01
-2.36E-04,0,-2.36E-04,0
-2.35E-04,0,-2.35E-04,8.00E-01
-2.34E-04,0,-2.34E-04,8.00E-01
-2.33E-04,0,-2.33E-04,8.00E-01
-2.32E-04,0,-2.32E-04,8.00E-01
-2.31E-04,0,-2.31E-04,8.00E-01
-2.30E-04,0,-2.30E-04,8.00E-01
-2.29E-04,0,-2.29E-04,0
-2.28E-04,0,-2.28E-04,8.00E-01
-2.27E-04,0,-2.27E-04,0
-2.26E-04,2.00E-01,-2.26E-04,8.00E-01
-2.25E-04,0,-2.25E-04,8.00E-01
-2.24E-04,2.00E-01,-2.24E-04,8.00E-01
-2.23E-04,2.00E-01,-2.23E-04,8.00E-01
-2.22E-04,0,-2.22E-04,8.00E-01
-2.21E-04,0,-2.21E-04,8.00E-01
-2.20E-04,0,-2.20E-04,8.00E-01
-2.19E-04,0,-2.19E-04,8.00E-01
-2.18E-04,0,-2.18E-04,8.00E-01
-2.17E-04,0,-2.17E-04,8.00E-01
-2.16E-04,0,-2.16E-04,8.00E-01
-2.15E-04,2.00E-01,-2.15E-04,8.00E-01
-2.14E-04,2.00E-01,-2.14E-04,8.00E-01
-2.13E-04,0,-2.13E-04,8.00E-01
-2.12E-04,2.00E-01,-2.12E-04,8.00E-01
-2.11E-04,0,-2.11E-04,8.00E-01
-2.10E-04,0,-2.10E-04,8.00E-01
-2.09E-04,0,-2.09E-04,0
-2.08E-04,0,-2.08E-04,0
-2.07E-04,0,-2.07E-04,8.00E-01
-2.06E-04,2.00E-01,-2.06E-04,0
-2.05E-04,0,-2.05E-04,8.00E-01
-2.04E-04,0,-2.04E-04,8.00E-01
-2.03E-04,2.00E-01,-2.03E-04,8.00E-01
-2.02E-04,0,-2.02E-04,0
-2.01E-04,0,-2.01E-04,0
-2.00E-04,2.00E-01,-2.00E-04,8.00E-01
-1.99E-04,0,-1.99E-04,8.00E-01
-1.98E-04,0,-1.98E-04,8.00E-01
-1.97E-04,0,-1.97E-04,0
-1.96E-04,0,-1.96E-04,8.00E-01
-1.95E-04,0,-1.95E-04,8.00E-01
-1.94E-04,0,-1.94E-04,8.00E-01
-1.93E-04,0,-1.93E-04,0
-1.92E-04,0,-1.92E-04,8.00E-01
-1.91E-04,2.00E-01,-1.91E-04,0
-1.90E-04,0,-1.90E-04,8.00E-01
-1.89E-04,0,-1.89E-04,8.00E-01
-1.88E-04,0,-1.88E-04,8.00E-01
-1.87E-04,0,-1.87E-04,8.00E-01
-1.86E-04,0,-1.86E-04,8.00E-01
-1.85E-04,0,-1.85E-04,8.00E-01
-1.84E-04,0,-1.84E-04,8.00E-01
-1.83E-04,2.00E-01,-1.83E-04,8.00E-01
-1.82E-04,0,-1.82E-04,8.00E-01
-1.81E-04,0,-1.81E-04,8.00E-01
-1.80E-04,2.00E-01,-1.80E-04,8.00E-01
-1.79E-04,0,-1.79E-04,8.00E-01
-1.78E-04,0,-1.78E-04,8.00E-01
-1.77E-04,0,-1.77E-04,0
-1.76E-04,0,-1.76E-04,0
-1.75E-04,2.00E-01,-1.75E-04,8.00E-01
-1.74E-04,0,-1.74E-04,0
-1.73E-04,0,-1.73E-04,8.00E-01
-1.72E-04,0,-1.72E-04,8.00E-01
-1.71E-04,2.00E-01,-1.71E-04,8.00E-01
-1.70E-04,0,-1.70E-04,8.00E-01
-1.69E-04,0,-1.69E-04,8.00E-01
-1.68E-04,0,-1.68E-04,8.00E-01
-1.67E-04,0,-1.67E-04,8.00E-01
-1.66E-04,0,-1.66E-04,8.00E-01
-1.65E-04,2.00E-01,-1.65E-04,8.00E-01
-1.64E-04,0,-1.64E-04,8.00E-01
-1.63E-04,0,-1.63E-04,8.00E-01
-1.62E-04,0,-1.62E-04,8.00E-01
-1.61E-04,2.00E-01,-1.61E-04,8.00E-01
-1.60E-04,0,-1.60E-04,8.00E-01
-1.59E-04,0,-1.59E-04,0
-1.58E-04,0,-1.58E-04,8.00E-01
-1.57E-04,0,-1.57E-04,0
-1.56E-04,2.00E-01,-1.56E-04,8.00E-01
-1.55E-04,0,-1.55E-04,0
-1.54E-04,0,-1.54E-04,0
-1.53E-04,0,-1.53E-04,8.00E-01
-1.52E-04,0,-1.52E-04,0
-1.51E-04,2.00E-01,-1.51E-04,0
-1.50E-04,0,-1.50E-04,0
-1.49E-04,2.00E-01,-1.49E-04,8.00E-01
-1.48E-04,0,-1.48E-04,8.00E-01
-1.47E-04,0,-1.47E-04,8.00E-01
-1.46E-04,2.00E-01,-1.46E-04,8.00E-01
-1.45E-04,2.00E-01,-1.45E-04,8.00E-01
-1.44E-04,0,-1.44E-04,8.00E-01
-1.43E-04,0,-1.43E-04,0
-1.42E-04,0,-1.42E-04,0
-1.41E-04,0,-1.41E-04,8.00E-01
-1.40E-04,0,-1.40E-04,8.00E-01
-1.39E-04,0,-1.39E-04,8.00E-01
-1.38E-04,0,-1.38E-04,8.00E-01
-1.37E-04,0,-1.37E-04,0
-1.36E-04,2.00E-01,-1.36E-04,8.00E-01
-1.35E-04,0,-1.35E-04,0
-1.34E-04,-2.00E-01,-1.34E-04,8.00E-01
-1.33E-04,0,-1.33E-04,8.00E-01
-1.32E-04,0,-1.32E-04,8.00E-01
-1.31E-04,0,-1.31E-04,0
-1.30E-04,0,-1.30E-04,8.00E-01
-1.29E-04,0,-1.29E-04,8.00E-01
-1.28E-04,0,-1.28E-04,8.00E-01
-1.27E-04,0,-1.27E-04,8.00E-01
-1.26E-04,0,-1.26E-04,8.00E-01
-1.25E-04,0,-1.25E-04,8.00E-01
-1.24E-04,0,-1.24E-04,0
-1.23E-04,0,-1.23E-04,0
-1.22E-04,0,-1.22E-04,0
-1.21E-04,0,-1.21E-04,0
-1.20E-04,0,-1.20E-04,0
-1.19E-04,0,-1.19E-04,0
-1.18E-04,2.00E-01,-1.18E-04,8.00E-01
-1.17E-04,0,-1.17E-04,0
-1.16E-04,0,-1.16E-04,0
-1.15E-04,0,-1.15E-04,0
-1.14E-04,0,-1.14E-04,0
-1.13E-04,0,-1.13E-04,8.00E-01
-1.12E-04,0,-1.12E-04,8.00E-01
-1.11E-04,0,-1.11E-04,8.00E-01
-1.10E-04,0,-1.10E-04,8.00E-01
-1.09E-04,0,-1.09E-04,8.00E-01
-1.08E-04,0,-1.08E-04,0
-1.07E-04,0,-1.07E-04,8.00E-01
-1.06E-04,0,-1.06E-04,8.00E-01
-1.05E-04,0,-1.05E-04,8.00E-01
-1.04E-04,0,-1.04E-04,0
-1.03E-04,2.00E-01,-1.03E-04,8.00E-01
-1.02E-04,2.00E-01,-1.02E-04,0
-1.01E-04,0,-1.01E-04,0
-1.00E-04,0,-1.00E-04,0
-9.90E-05,0,-9.90E-05,0
-9.80E-05,0,-9.80E-05,8.00E-01
-9.70E-05,2.00E-01,-9.70E-05,8.00E-01
-9.60E-05,0,-9.60E-05,8.00E-01
-9.50E-05,0,-9.50E-05,8.00E-01
-9.40E-05,0,-9.40E-05,8.00E-01
-9.30E-05,0,-9.30E-05,8.00E-01
-9.20E-05,0,-9.20E-05,8.00E-01
-9.10E-05,2.00E-01,-9.10E-05,8.00E-01
-9.00E-05,0,-9.00E-05,8.00E-01
-8.90E-05,0,-8.90E-05,8.00E-01
-8.80E-05,0,-8.80E-05,8.00E-01
-8.70E-05,0,-8.70E-05,0
-8.60E-05,2.00E-01,-8.60E-05,8.00E-01
-8.50E-05,0,-8.50E-05,8.00E-01
-8.40E-05,0,-8.40E-05,8.00E-01
-8.30E-05,0,-8.30E-05,0
-8.20E-05,0,-8.20E-05,8.00E-01
-8.10E-05,0,-8.10E-05,0
-8.00E-05,0,-8.00E-05,0
-7.90E-05,0,-7.90E-05,8.00E-01
-7.80E-05,0,-7.80E-05,8.00E-01
-7.70E-05,0,-7.70E-05,0
-7.60E-05,0,-7.60E-05,8.00E-01
-7.50E-05,0,-7.50E-05,8.00E-01
-7.40E-05,0,-7.40E-05,8.00E-01
-7.30E-05,0,-7.30E-05,8.00E-01
-7.20E-05,0,-7.20E-05,8.00E-01
-7.10E-05,0,-7.10E-05,8.00E-01
-7.00E-05,0,-7.00E-05,8.00E-01
-6.90E-05,0,-6.90E-05,8.00E-01
-6.80E-05,0,-6.80E-05,8.00E-01
-6.70E-05,0,-6.70E-05,0
-6.60E-05,0,-6.60E-05,8.00E-01
-6.50E-05,0,-6.50E-05,8.00E-01
-6.40E-05,0,-6.40E-05,8.00E-01
-6.30E-05,0,-6.30E-05,0
-6.20E-05,0,-6.20E-05,0
-6.10E-05,0,-6.10E-05,0
-6.00E-05,0,-6.00E-05,8.00E-01
-5.90E-05,0,-5.90E-05,0
-5.80E-05,0,-5.80E-05,8.00E-01
-5.70E-05,2.00E-01,-5.70E-05,8.00E-01
-5.60E-05,2.00E-01,-5.60E-05,0
-5.50E-05,0,-5.50E-05,8.00E-01
-5.40E-05,0,-5.40E-05,8.00E-01
-5.30E-05,0,-5.30E-05,8.00E-01
-5.20E-05,0,-5.20E-05,8.00E-01
-5.10E-05,0,-5.10E-05,8.00E-01
-5.00E-05,0,-5.00E-05,8.00E-01
-4.90E-05,0,-4.90E-05,8.00E-01
-4.80E-05,0,-4.80E-05,8.00E-01
-4.70E-05,0,-4.70E-05,0
-4.60E-05,0,-4.60E-05,0
-4.50E-05,0,-4.50E-05,0
-4.40E-05,0,-4.40E-05,8.00E-01
-4.30E-05,0,-4.30E-05,8.00E-01
-4.20E-05,2.00E-01,-4.20E-05,8.00E-01
-4.10E-05,0,-4.10E-05,0
-4.00E-05,0,-4.00E-05,8.00E-01
-3.90E-05,2.00E-01,-3.90E-05,8.00E-01
-3.80E-05,0,-3.80E-05,8.00E-01
-3.70E-05,0,-3.70E-05,8.00E-01
-3.60E-05,0,-3.60E-05,0
-3.50E-05,2.00E-01,-3.50E-05,8.00E-01
-3.40E-05,0,-3.40E-05,8.00E-01
-3.30E-05,0,-3.30E-05,8.00E-01
-3.20E-05,2.00E-01,-3.20E-05,8.00E-01
-3.10E-05,2.00E-01,-3.10E-05,8.00E-01
-3.00E-05,0,-3.00E-05,8.00E-01
-2.90E-05,0,-2.90E-05,8.00E-01
-2.80E-05,0,-2.80E-05,8.00E-01
-2.70E-05,2.00E-01,-2.70E-05,0
-2.60E-05,2.00E-01,-2.60E-05,0
-2.50E-05,0,-2.50E-05,0
-2.40E-05,0,-2.40E-05,8.00E-01
-2.30E-05,0,-2.30E-05,0
-2.20E-05,2.00E-01,-2.20E-05,0
-2.10E-05,0,-2.10E-05,8.00E-01
-2.00E-05,0,-2.00E-05,8.00E-01
-1.90E-05,0,-1.90E-05,8.00E-01
-1.80E-05,0,-1.80E-05,0
-1.70E-05,0,-1.70E-05,8.00E-01
-1.60E-05,2.00E-01,-1.60E-05,0
-1.50E-05,0,-1.50E-05,8.00E-01
-1.40E-05,0,-1.40E-05,8.00E-01
-1.30E-05,0,-1.30E-05,8.00E-01
-1.20E-05,2.00E-01,-1.20E-05,8.00E-01
-1.10E-05,0,-1.10E-05,8.00E-01
-1.00E-05,0,-1.00E-05,0
-9.00E-06,2.00E-01,-9.00E-06,0
-8.00E-06,0,-8.00E-06,8.00E-01
-7.00E-06,0,-7.00E-06,8.00E-01
-6.00E-06,0,-6.00E-06,0
-5.00E-06,2.00E-01,-5.00E-06,8.00E-01
-4.00E-06,0,-4.00E-06,8.00E-01
-3.00E-06,0,-3.00E-06,1.6
-2.00E-06,0,-2.00E-06,8.00E-01
-1.00E-06,2.00E-01,-1.00E-06,0
-8.87E-11,2.00E-01,-8.87E-11,29.60000038
1.00E-06,0,1.00E-06,29.60000038
2.00E-06,0,2.00E-06,29.60000038
3.00E-06,0,3.00E-06,29.60000038
4.00E-06,0,4.00E-06,29.60000038
5.00E-06,0,5.00E-06,30.39999962
6.00E-06,0,6.00E-06,29.60000038
7.00E-06,0,7.00E-06,29.60000038
8.00E-06,0,8.00E-06,29.60000038
9.00E-06,0,9.00E-06,30.39999962
1.00E-05,0,1.00E-05,30.39999962
1.10E-05,0,1.10E-05,29.60000038
1.20E-05,2.00E-01,1.20E-05,30.39999962
1.30E-05,2.00E-01,1.30E-05,30.39999962
1.40E-05,2.00E-01,1.40E-05,30.39999962
1.50E-05,0,1.50E-05,29.60000038
1.60E-05,0,1.60E-05,29.60000038
1.70E-05,0,1.70E-05,29.60000038
1.80E-05,0,1.80E-05,30.39999962
1.90E-05,0,1.90E-05,30.39999962
2.00E-05,0,2.00E-05,30.39999962
2.10E-05,0,2.10E-05,30.39999962
2.20E-05,2.00E-01,2.20E-05,29.60000038
2.30E-05,2.00E-01,2.30E-05,29.60000038
2.40E-05,0,2.40E-05,29.60000038
2.50E-05,0,2.50E-05,30.39999962
2.60E-05,0,2.60E-05,29.60000038
2.70E-05,2.00E-01,2.70E-05,30.39999962
2.80E-05,0,2.80E-05,30.39999962
2.90E-05,0,2.90E-05,29.60000038
3.00E-05,0,3.00E-05,30.39999962
3.10E-05,2.00E-01,3.10E-05,30.39999962
3.20E-05,2.00E-01,3.20E-05,29.60000038
3.30E-05,2.00E-01,3.30E-05,30.39999962
3.40E-05,2.00E-01,3.40E-05,30.39999962
3.50E-05,2.00E-01,3.50E-05,30.39999962
3.60E-05,0,3.60E-05,30.39999962
3.70E-05,0,3.70E-05,30.39999962
3.80E-05,0,3.80E-05,30.39999962
3.90E-05,0,3.90E-05,30.39999962
4.00E-05,2.00E-01,4.00E-05,30.39999962
4.10E-05,0,4.10E-05,29.60000038
4.20E-05,0,4.20E-05,30.39999962
4.30E-05,0,4.30E-05,30.39999962
4.40E-05,0,4.40E-05,29.60000038
4.50E-05,0,4.50E-05,29.60000038
4.60E-05,0,4.60E-05,30.39999962
4.70E-05,0,4.70E-05,30.39999962
4.80E-05,0,4.80E-05,30.39999962
4.90E-05,0,4.90E-05,30.39999962
5.00E-05,2.00E-01,5.00E-05,30.39999962
5.10E-05,0,5.10E-05,29.60000038
5.20E-05,0,5.20E-05,29.60000038
5.30E-05,2.00E-01,5.30E-05,30.39999962
5.40E-05,0,5.40E-05,29.60000038
5.50E-05,0,5.50E-05,30.39999962
5.60E-05,0,5.60E-05,29.60000038
5.70E-05,0,5.70E-05,29.60000038
5.80E-05,0,5.80E-05,30.39999962
5.90E-05,0,5.90E-05,30.39999962
6.00E-05,2.00E-01,6.00E-05,30.39999962
6.10E-05,0,6.10E-05,30.39999962
6.20E-05,0,6.20E-05,29.60000038
6.30E-05,0,6.30E-05,30.39999962
6.40E-05,0,6.40E-05,30.39999962
6.50E-05,0,6.50E-05,29.60000038
6.60E-05,2.00E-01,6.60E-05,30.39999962
6.70E-05,2.00E-01,6.70E-05,30.39999962
6.80E-05,0,6.80E-05,29.60000038
6.90E-05,0,6.90E-05,30.39999962
7.00E-05,0,7.00E-05,29.60000038
7.10E-05,0,7.10E-05,30.39999962
7.20E-05,0,7.20E-05,29.60000038
7.30E-05,2.00E-01,7.30E-05,30.39999962
7.40E-05,0,7.40E-05,30.39999962
7.50E-05,0,7.50E-05,29.60000038
7.60E-05,0,7.60E-05,30.39999962
7.70E-05,0,7.70E-05,30.39999962
7.80E-05,0,7.80E-05,29.60000038
7.90E-05,0,7.90E-05,29.60000038
8.00E-05,0,8.00E-05,29.60000038
8.10E-05,0,8.10E-05,29.60000038
8.20E-05,0,8.20E-05,30.39999962
8.30E-05,2.00E-01,8.30E-05,30.39999962
8.40E-05,0,8.40E-05,30.39999962
8.50E-05,0,8.50E-05,30.39999962
8.60E-05,2.00E-01,8.60E-05,30.39999962
8.70E-05,0,8.70E-05,30.39999962
8.80E-05,0,8.80E-05,29.60000038
8.90E-05,0,8.90E-05,29.60000038
9.00E-05,0,9.00E-05,29.60000038
9.10E-05,2.00E-01,9.10E-05,29.60000038
9.20E-05,2.00E-01,9.20E-05,30.39999962
9.30E-05,0,9.30E-05,29.60000038
9.40E-05,0,9.40E-05,29.60000038
9.50E-05,0,9.50E-05,30.39999962
9.60E-05,0,9.60E-05,29.60000038
9.70E-05,0,9.70E-05,30.39999962
9.80E-05,0,9.80E-05,29.60000038
9.90E-05,0,9.90E-05,30.39999962
1.00E-04,0,1.00E-04,30.39999962
1.01E-04,0,1.01E-04,29.60000038
1.02E-04,0,1.02E-04,29.60000038
1.03E-04,0,1.03E-04,29.60000038
1.04E-04,0,1.04E-04,30.39999962
1.05E-04,2.00E-01,1.05E-04,29.60000038
1.06E-04,2.00E-01,1.06E-04,30.39999962
1.07E-04,0,1.07E-04,30.39999962
1.08E-04,0,1.08E-04,30.39999962
1.09E-04,0,1.09E-04,29.60000038
1.10E-04,0,1.10E-04,30.39999962
1.11E-04,0,1.11E-04,29.60000038
1.12E-04,0,1.12E-04,30.39999962
1.13E-04,0,1.13E-04,30.39999962
1.14E-04,0,1.14E-04,30.39999962
1.15E-04,0,1.15E-04,29.60000038
1.16E-04,0,1.16E-04,30.39999962
1.17E-04,0,1.17E-04,30.39999962
1.18E-04,0,1.18E-04,30.39999962
1.19E-04,2.00E-01,1.19E-04,30.39999962
1.20E-04,0,1.20E-04,30.39999962
1.21E-04,0,1.21E-04,30.39999962
1.22E-04,0,1.22E-04,29.60000038
1.23E-04,0,1.23E-04,29.60000038
1.24E-04,0,1.24E-04,29.60000038
1.25E-04,0,1.25E-04,30.39999962
1.26E-04,0,1.26E-04,29.60000038
1.27E-04,0,1.27E-04,30.39999962
1.28E-04,0,1.28E-04,29.60000038
1.29E-04,0,1.29E-04,30.39999962
1.30E-04,0,1.30E-04,30.39999962
1.31E-04,0,1.31E-04,30.39999962
1.32E-04,0,1.32E-04,29.60000038
1.33E-04,0,1.33E-04,29.60000038
1.34E-04,0,1.34E-04,30.39999962
1.35E-04,0,1.35E-04,30.39999962
1.36E-04,2.00E-01,1.36E-04,29.60000038
1.37E-04,0,1.37E-04,29.60000038
1.38E-04,0,1.38E-04,29.60000038
1.39E-04,0,1.39E-04,29.60000038
1.40E-04,0,1.40E-04,30.39999962
1.41E-04,0,1.41E-04,30.39999962
1.42E-04,0,1.42E-04,29.60000038
1.43E-04,0,1.43E-04,30.39999962
1.44E-04,0,1.44E-04,29.60000038
1.45E-04,0,1.45E-04,30.39999962
1.46E-04,0,1.46E-04,29.60000038
1.47E-04,0,1.47E-04,30.39999962
1.48E-04,0,1.48E-04,30.39999962
1.49E-04,0,1.49E-04,29.60000038
1.50E-04,2.00E-01,1.50E-04,29.60000038
1.51E-04,0,1.51E-04,29.60000038
1.52E-04,0,1.52E-04,30.39999962
1.53E-04,0,1.53E-04,30.39999962
1.54E-04,-2.00E-01,1.54E-04,29.60000038
1.55E-04,0,1.55E-04,29.60000038
1.56E-04,0,1.56E-04,29.60000038
1.57E-04,0,1.57E-04,29.60000038
1.58E-04,0,1.58E-04,30.39999962
1.59E-04,0,1.59E-04,30.39999962
1.60E-04,0,1.60E-04,30.39999962
1.61E-04,0,1.61E-04,30.39999962
1.62E-04,0,1.62E-04,29.60000038
1.63E-04,0,1.63E-04,30.39999962
1.64E-04,0,1.64E-04,29.60000038
1.65E-04,0,1.65E-04,29.60000038
1.66E-04,0,1.66E-04,30.39999962
1.67E-04,0,1.67E-04,30.39999962
1.68E-04,0,1.68E-04,30.39999962
1.69E-04,-2.00E-01,1.69E-04,29.60000038
1.70E-04,0,1.70E-04,29.60000038
1.71E-04,0,1.71E-04,30.39999962
1.72E-04,-2.00E-01,1.72E-04,29.60000038
1.73E-04,0,1.73E-04,30.39999962
1.74E-04,0,1.74E-04,30.39999962
1.75E-04,0,1.75E-04,30.39999962
1.76E-04,0,1.76E-04,29.60000038
1.77E-04,0,1.77E-04,30.39999962
1.78E-04,0,1.78E-04,30.39999962
1.79E-04,0,1.79E-04,30.39999962
1.80E-04,0,1.80E-04,29.60000038
1.81E-04,0,1.81E-04,30.39999962
1.82E-04,0,1.82E-04,30.39999962
1.83E-04,0,1.83E-04,30.39999962
1.84E-04,2.00E-01,1.84E-04,30.39999962
1.85E-04,0,1.85E-04,30.39999962
1.86E-04,0,1.86E-04,30.39999962
1.87E-04,0,1.87E-04,29.60000038
1.88E-04,2.00E-01,1.88E-04,30.39999962
1.89E-04,2.00E-01,1.89E-04,29.60000038
1.90E-04,0,1.90E-04,29.60000038
1.91E-04,0,1.91E-04,29.60000038
1.92E-04,2.00E-01,1.92E-04,29.60000038
1.93E-04,2.00E-01,1.93E-04,29.60000038
1.94E-04,2.00E-01,1.94E-04,30.39999962
1.95E-04,0,1.95E-04,30.39999962
1.96E-04,0,1.96E-04,29.60000038
1.97E-04,0,1.97E-04,30.39999962
1.98E-04,0,1.98E-04,30.39999962
1.99E-04,0,1.99E-04,30.39999962
2.00E-04,0,2.00E-04,29.60000038
2.01E-04,-2.00E-01,2.01E-04,29.60000038
2.02E-04,2.00E-01,2.02E-04,30.39999962
2.03E-04,0,2.03E-04,29.60000038
2.04E-04,0,2.04E-04,29.60000038
2.05E-04,0,2.05E-04,30.39999962
2.06E-04,2.00E-01,2.06E-04,30.39999962
2.07E-04,0,2.07E-04,30.39999962
2.08E-04,0,2.08E-04,30.39999962
2.09E-04,0,2.09E-04,29.60000038
2.10E-04,2.00E-01,2.10E-04,30.39999962
2.11E-04,0,2.11E-04,30.39999962
2.12E-04,0,2.12E-04,29.60000038
2.13E-04,0,2.13E-04,30.39999962
2.14E-04,0,2.14E-04,29.60000038
2.15E-04,2.00E-01,2.15E-04,30.39999962
2.16E-04,0,2.16E-04,29.60000038
2.17E-04,2.00E-01,2.17E-04,30.39999962
2.18E-04,0,2.18E-04,29.60000038
2.19E-04,0,2.19E-04,29.60000038
2.20E-04,2.00E-01,2.20E-04,29.60000038
2.21E-04,2.00E-01,2.21E-04,30.39999962
2.22E-04,2.00E-01,2.22E-04,30.39999962
2.23E-04,0,2.23E-04,30.39999962
2.24E-04,2.00E-01,2.24E-04,29.60000038
2.25E-04,2.00E-01,2.25E-04,30.39999962
2.26E-04,0,2.26E-04,29.60000038
2.27E-04,0,2.27E-04,29.60000038
2.28E-04,2.00E-01,2.28E-04,30.39999962
2.29E-04,2.00E-01,2.29E-04,29.60000038
2.30E-04,0,2.30E-04,29.60000038
2.31E-04,0,2.31E-04,29.60000038
2.32E-04,2.00E-01,2.32E-04,30.39999962
2.33E-04,0,2.33E-04,30.39999962
2.34E-04,0,2.34E-04,30.39999962
2.35E-04,2.00E-01,2.35E-04,30.39999962
2.36E-04,2.00E-01,2.36E-04,30.39999962
2.37E-04,2.00E-01,2.37E-04,29.60000038
2.38E-04,0,2.38E-04,29.60000038
2.39E-04,0,2.39E-04,29.60000038
2.40E-04,0,2.40E-04,29.60000038
2.41E-04,0,2.41E-04,30.39999962
2.42E-04,0,2.42E-04,29.60000038
2.43E-04,0,2.43E-04,29.60000038
2.44E-04,0,2.44E-04,30.39999962
2.45E-04,0,2.45E-04,29.60000038
2.46E-04,0,2.46E-04,30.39999962
2.47E-04,0,2.47E-04,29.60000038
2.48E-04,2.00E-01,2.48E-04,30.39999962
2.49E-04,2.00E-01,2.49E-04,30.39999962
2.50E-04,0,2.50E-04,29.60000038
2.51E-04,0,2.51E-04,30.39999962
2.52E-04,2.00E-01,2.52E-04,29.60000038
2.53E-04,2.00E-01,2.53E-04,30.39999962
2.54E-04,0,2.54E-04,30.39999962
2.55E-04,0,2.55E-04,29.60000038
2.56E-04,2.00E-01,2.56E-04,30.39999962
2.57E-04,0,2.57E-04,30.39999962
2.58E-04,0,2.58E-04,30.39999962
2.59E-04,0,2.59E-04,30.39999962
2.60E-04,2.00E-01,2.60E-04,29.60000038
2.61E-04,0,2.61E-04,30.39999962
2.62E-04,0,2.62E-04,29.60000038
2.63E-04,0,2.63E-04,30.39999962
2.64E-04,0,2.64E-04,30.39999962
2.65E-04,0,2.65E-04,30.39999962
2.66E-04,2.00E-01,2.66E-04,30.39999962
2.67E-04,2.00E-01,2.67E-04,30.39999962
2.68E-04,2.00E-01,2.68E-04,29.60000038
2.69E-04,2.00E-01,2.69E-04,30.39999962
2.70E-04,2.00E-01,2.70E-04,29.60000038
2.71E-04,2.00E-01,2.71E-04,30.39999962
2.72E-04,0,2.72E-04,29.60000038
2.73E-04,0,2.73E-04,29.60000038
2.74E-04,2.00E-01,2.74E-04,30.39999962
2.75E-04,2.00E-01,2.75E-04,30.39999962
2.76E-04,0,2.76E-04,29.60000038
2.77E-04,0,2.77E-04,30.39999962
2.78E-04,2.00E-01,2.78E-04,29.60000038
2.79E-04,0,2.79E-04,30.39999962
2.80E-04,2.00E-01,2.80E-04,30.39999962
2.81E-04,2.00E-01,2.81E-04,29.60000038
2.82E-04,2.00E-01,2.82E-04,29.60000038
2.83E-04,2.00E-01,2.83E-04,29.60000038
2.84E-04,2.00E-01,2.84E-04,30.39999962
2.85E-04,2.00E-01,2.85E-04,29.60000038
2.86E-04,4.00E-01,2.86E-04,30.39999962
2.87E-04,2.00E-01,2.87E-04,30.39999962
2.88E-04,0,2.88E-04,29.60000038
2.89E-04,2.00E-01,2.89E-04,30.39999962
2.90E-04,2.00E-01,2.90E-04,30.39999962
2.91E-04,2.00E-01,2.91E-04,30.39999962
2.92E-04,2.00E-01,2.92E-04,30.39999962
2.93E-04,2.00E-01,2.93E-04,29.60000038
2.94E-04,2.00E-01,2.94E-04,30.39999962
2.95E-04,2.00E-01,2.95E-04,30.39999962
2.96E-04,2.00E-01,2.96E-04,29.60000038
2.97E-04,0,2.97E-04,29.60000038
2.98E-04,2.00E-01,2.98E-04,30.39999962
2.99E-04,2.00E-01,2.99E-04,30.39999962
3.00E-04,2.00E-01,3.00E-04,29.60000038
3.01E-04,2.00E-01,3.01E-04,29.60000038
3.02E-04,4.00E-01,3.02E-04,30.39999962
3.03E-04,2.00E-01,3.03E-04,30.39999962
3.04E-04,0,3.04E-04,29.60000038
3.05E-04,2.00E-01,3.05E-04,30.39999962
3.06E-04,2.00E-01,3.06E-04,30.39999962
3.07E-04,2.00E-01,3.07E-04,30.39999962
3.08E-04,2.00E-01,3.08E-04,29.60000038
3.09E-04,2.00E-01,3.09E-04,30.39999962
3.10E-04,2.00E-01,3.10E-04,29.60000038
3.11E-04,4.00E-01,3.11E-04,29.60000038
3.12E-04,4.00E-01,3.12E-04,30.39999962
3.13E-04,4.00E-01,3.13E-04,30.39999962
3.14E-04,4.00E-01,3.14E-04,30.39999962
3.15E-04,4.00E-01,3.15E-04,29.60000038
3.16E-04,2.00E-01,3.16E-04,30.39999962
3.17E-04,4.00E-01,3.17E-04,29.60000038
3.18E-04,4.00E-01,3.18E-04,30.39999962
3.19E-04,4.00E-01,3.19E-04,30.39999962
3.20E-04,2.00E-01,3.20E-04,30.39999962
3.21E-04,4.00E-01,3.21E-04,30.39999962
3.22E-04,4.00E-01,3.22E-04,30.39999962
3.23E-04,6.00E-01,3.23E-04,30.39999962
3.24E-04,2.00E-01,3.24E-04,30.39999962
3.25E-04,4.00E-01,3.25E-04,30.39999962
3.26E-04,4.00E-01,3.26E-04,30.39999962
3.27E-04,4.00E-01,3.27E-04,29.60000038
3.28E-04,4.00E-01,3.28E-04,29.60000038
3.29E-04,6.00E-01,3.29E-04,29.60000038
3.30E-04,4.00E-01,3.30E-04,29.60000038
3.31E-04,6.00E-01,3.31E-04,30.39999962
3.32E-04,4.00E-01,3.32E-04,29.60000038
3.33E-04,4.00E-01,3.33E-04,30.39999962
3.34E-04,6.00E-01,3.34E-04,29.60000038
3.35E-04,6.00E-01,3.35E-04,29.60000038
3.36E-04,4.00E-01,3.36E-04,29.60000038
3.37E-04,6.00E-01,3.37E-04,29.60000038
3.38E-04,6.00E-01,3.38E-04,29.60000038
3.39E-04,6.00E-01,3.39E-04,29.60000038
3.40E-04,6.00E-01,3.40E-04,29.60000038
3.41E-04,6.00E-01,3.41E-04,30.39999962
3.42E-04,4.00E-01,3.42E-04,30.39999962
3.43E-04,6.00E-01,3.43E-04,29.60000038
3.44E-04,6.00E-01,3.44E-04,29.60000038
3.45E-04,6.00E-01,3.45E-04,30.39999962
3.46E-04,6.00E-01,3.46E-04,30.39999962
3.47E-04,6.00E-01,3.47E-04,29.60000038
3.48E-04,6.00E-01,3.48E-04,30.39999962
3.49E-04,8.00E-01,3.49E-04,29.60000038
3.50E-04,8.00E-01,3.50E-04,30.39999962
3.51E-04,8.00E-01,3.51E-04,30.39999962
3.52E-04,8.00E-01,3.52E-04,29.60000038
3.53E-04,6.00E-01,3.53E-04,30.39999962
3.54E-04,8.00E-01,3.54E-04,30.39999962
3.55E-04,8.00E-01,3.55E-04,29.60000038
3.56E-04,8.00E-01,3.56E-04,30.39999962
3.57E-04,8.00E-01,3.57E-04,29.60000038
3.58E-04,8.00E-01,3.58E-04,29.60000038
3.59E-04,8.00E-01,3.59E-04,29.60000038
3.60E-04,8.00E-01,3.60E-04,30.39999962
3.61E-04,8.00E-01,3.61E-04,29.60000038
3.62E-04,6.00E-01,3.62E-04,29.60000038
3.63E-04,6.00E-01,3.63E-04,30.39999962
3.64E-04,1,3.64E-04,30.39999962
3.65E-04,8.00E-01,3.65E-04,30.39999962
3.66E-04,8.00E-01,3.66E-04,29.60000038
3.67E-04,8.00E-01,3.67E-04,30.39999962
3.68E-04,1,3.68E-04,30.39999962
3.69E-04,1,3.69E-04,29.60000038
3.70E-04,1,3.70E-04,29.60000038
3.71E-04,1,3.71E-04,30.39999962
3.72E-04,1,3.72E-04,29.60000038
3.73E-04,1,3.73E-04,30.39999962
3.74E-04,1,3.74E-04,30.39999962
3.75E-04,1.2,3.75E-04,30.39999962
3.76E-04,1.2,3.76E-04,29.60000038
3.77E-04,1.2,3.77E-04,30.39999962
3.78E-04,1,3.78E-04,29.60000038
3.79E-04,1.2,3.79E-04,29.60000038
3.80E-04,1.2,3.80E-04,29.60000038
3.81E-04,1.4,3.81E-04,29.60000038
3.82E-04,1.2,3.82E-04,30.39999962
3.83E-04,1.2,3.83E-04,30.39999962
3.84E-04,1.4,3.84E-04,30.39999962
3.85E-04,1.4,3.85E-04,30.39999962
3.86E-04,1.4,3.86E-04,29.60000038
3.87E-04,1.2,3.87E-04,30.39999962
3.88E-04,1.6,3.88E-04,29.60000038
3.89E-04,1.4,3.89E-04,30.39999962
3.90E-04,1.4,3.90E-04,30.39999962
3.91E-04,1.6,3.91E-04,30.39999962
3.92E-04,1.4,3.92E-04,29.60000038
3.93E-04,1.6,3.93E-04,29.60000038
3.94E-04,1.4,3.94E-04,30.39999962
3.95E-04,1.6,3.95E-04,29.60000038
3.96E-04,1.6,3.96E-04,30.39999962
3.97E-04,1.6,3.97E-04,30.39999962
3.98E-04,1.6,3.98E-04,30.39999962
3.99E-04,1.6,3.99E-04,29.60000038
4.00E-04,1.6,4.00E-04,29.60000038
4.01E-04,1.6,4.01E-04,29.60000038
4.02E-04,1.6,4.02E-04,30.39999962
4.03E-04,1.6,4.03E-04,30.39999962
4.04E-04,1.6,4.04E-04,30.39999962
4.05E-04,1.8000001,4.05E-04,30.39999962
4.06E-04,1.8000001,4.06E-04,29.60000038
4.07E-04,1.8000001,4.07E-04,29.60000038
4.08E-04,1.6,4.08E-04,30.39999962
4.09E-04,1.8000001,4.09E-04,30.39999962
4.10E-04,1.6,4.10E-04,30.39999962
4.11E-04,1.6,4.11E-04,30.39999962
4.12E-04,1.8000001,4.12E-04,30.39999962
4.13E-04,1.8000001,4.13E-04,29.60000038
4.14E-04,1.8000001,4.14E-04,30.39999962
4.15E-04,2,4.15E-04,29.60000038
4.16E-04,2.2,4.16E-04,30.39999962
4.17E-04,1.8000001,4.17E-04,29.60000038
4.18E-04,1.8000001,4.18E-04,29.60000038
4.19E-04,2,4.19E-04,30.39999962
4.20E-04,2,4.20E-04,29.60000038
4.21E-04,2.2,4.21E-04,30.39999962
4.22E-04,2.2,4.22E-04,29.60000038
4.23E-04,2.2,4.23E-04,29.60000038
4.24E-04,2.2,4.24E-04,29.60000038
4.25E-04,2.2,4.25E-04,30.39999962
4.26E-04,2.4000001,4.26E-04,30.39999962
4.27E-04,2.2,4.27E-04,30.39999962
4.28E-04,2.4000001,4.28E-04,30.39999962
4.29E-04,2.2,4.29E-04,30.39999962
4.30E-04,2.4000001,4.30E-04,30.39999962
4.31E-04,2.4000001,4.31E-04,30.39999962
4.32E-04,2.2,4.32E-04,29.60000038
4.33E-04,2.4000001,4.33E-04,30.39999962
4.34E-04,2.4000001,4.34E-04,30.39999962
4.35E-04,2.4000001,4.35E-04,29.60000038
4.36E-04,2.4000001,4.36E-04,29.60000038
4.37E-04,2.4000001,4.37E-04,29.60000038
4.38E-04,2.4000001,4.38E-04,29.60000038
4.39E-04,2.4000001,4.39E-04,30.39999962
4.40E-04,2.4000001,4.40E-04,29.60000038
4.41E-04,2.4000001,4.41E-04,30.39999962
4.42E-04,2.4000001,4.42E-04,30.39999962
4.43E-04,2.6000001,4.43E-04,29.60000038
4.44E-04,2.6000001,4.44E-04,30.39999962
4.45E-04,2.4000001,4.45E-04,30.39999962
4.46E-04,2.6000001,4.46E-04,30.39999962
4.47E-04,2.79999995,4.47E-04,30.39999962
4.48E-04,2.79999995,4.48E-04,29.60000038
4.49E-04,2.79999995,4.49E-04,30.39999962
4.50E-04,2.79999995,4.50E-04,30.39999962
4.51E-04,2.79999995,4.51E-04,29.60000038
4.52E-04,2.79999995,4.52E-04,30.39999962
4.53E-04,2.79999995,4.53E-04,30.39999962
4.54E-04,2.79999995,4.54E-04,29.60000038
4.55E-04,3,4.55E-04,29.60000038
4.56E-04,2.79999995,4.56E-04,29.60000038
4.57E-04,3,4.57E-04,29.60000038
4.58E-04,3,4.58E-04,30.39999962
4.59E-04,3,4.59E-04,30.39999962
4.60E-04,3,4.60E-04,30.39999962
4.61E-04,3,4.61E-04,29.60000038
4.62E-04,3,4.62E-04,30.39999962
4.63E-04,3.20000005,4.63E-04,30.39999962
4.64E-04,3,4.64E-04,30.39999962
4.65E-04,3.20000005,4.65E-04,29.60000038
4.66E-04,3.20000005,4.66E-04,30.39999962
4.67E-04,3.20000005,4.67E-04,30.39999962
4.68E-04,3.20000005,4.68E-04,30.39999962
4.69E-04,3.20000005,4.69E-04,30.39999962
4.70E-04,3.20000005,4.70E-04,29.60000038
4.71E-04,3.20000005,4.71E-04,30.39999962
4.72E-04,3.20000005,4.72E-04,29.60000038
4.73E-04,3.20000005,4.73E-04,29.60000038
4.74E-04,3.20000005,4.74E-04,30.39999962
4.75E-04,3.20000005,4.75E-04,30.39999962
4.76E-04,3.4000001,4.76E-04,30.39999962
4.77E-04,3.20000005,4.77E-04,30.39999962
4.78E-04,3.20000005,4.78E-04,30.39999962
4.79E-04,3.4000001,4.79E-04,29.60000038
4.80E-04,3.4000001,4.80E-04,30.39999962
4.81E-04,3.4000001,4.81E-04,29.60000038
4.82E-04,3.4000001,4.82E-04,29.60000038
4.83E-04,3.4000001,4.83E-04,29.60000038
4.84E-04,3.4000001,4.84E-04,29.60000038
4.85E-04,3.4000001,4.85E-04,30.39999962
4.86E-04,3.60000014,4.86E-04,30.39999962
4.87E-04,3.60000014,4.87E-04,30.39999962
4.88E-04,3.4000001,4.88E-04,29.60000038
4.89E-04,3.4000001,4.89E-04,30.39999962
4.90E-04,3.60000014,4.90E-04,30.39999962
4.91E-04,3.60000014,4.91E-04,30.39999962
4.92E-04,3.4000001,4.92E-04,30.39999962
4.93E-04,3.79999995,4.93E-04,29.60000038
4.94E-04,3.79999995,4.94E-04,30.39999962
4.95E-04,3.79999995,4.95E-04,29.60000038
4.96E-04,3.79999995,4.96E-04,30.39999962
4.97E-04,3.79999995,4.97E-04,29.60000038
4.98E-04,3.79999995,4.98E-04,30.39999962
4.99E-04,3.60000014,4.99E-04,30.39999962
5.00E-04,3.79999995,5.00E-04,30.39999962
5.01E-04,4,5.01E-04,30.39999962
5.02E-04,3.79999995,5.02E-04,30.39999962
5.03E-04,3.79999995,5.03E-04,30.39999962
5.04E-04,3.79999995,5.04E-04,30.39999962
5.05E-04,4,5.05E-04,30.39999962
5.06E-04,4,5.06E-04,29.60000038
5.07E-04,3.79999995,5.07E-04,30.39999962
5.08E-04,4,5.08E-04,30.39999962
5.09E-04,4,5.09E-04,29.60000038
5.10E-04,4,5.10E-04,29.60000038
5.11E-04,4,5.11E-04,30.39999962
5.12E-04,4,5.12E-04,29.60000038
5.13E-04,4,5.13E-04,30.39999962
5.14E-04,4.20000029,5.14E-04,30.39999962
5.15E-04,4,5.15E-04,30.39999962
5.16E-04,4,5.16E-04,30.39999962
5.17E-04,4.20000029,5.17E-04,30.39999962
5.18E-04,4.20000029,5.18E-04,30.39999962
5.19E-04,4.20000029,5.19E-04,29.60000038
5.20E-04,4.20000029,5.20E-04,30.39999962
5.21E-04,4.20000029,5.21E-04,29.60000038
5.22E-04,4.20000029,5.22E-04,29.60000038
5.23E-04,4.20000029,5.23E-04,30.39999962
5.24E-04,4.20000029,5.24E-04,30.39999962
5.25E-04,4.20000029,5.25E-04,30.39999962
5.26E-04,4.20000029,5.26E-04,29.60000038
5.27E-04,4.4000001,5.27E-04,29.60000038
5.28E-04,4.4000001,5.28E-04,30.39999962
5.29E-04,4.4000001,5.29E-04,29.60000038
5.30E-04,4.4000001,5.30E-04,29.60000038
5.31E-04,4.4000001,5.31E-04,30.39999962
5.32E-04,4.4000001,5.32E-04,30.39999962
5.33E-04,4.4000001,5.33E-04,29.60000038
5.34E-04,4.4000001,5.34E-04,29.60000038
5.35E-04,4.4000001,5.35E-04,29.60000038
5.36E-04,4.4000001,5.36E-04,29.60000038
5.37E-04,4.4000001,5.37E-04,30.39999962
5.38E-04,4.5999999,5.38E-04,30.39999962
5.39E-04,4.4000001,5.39E-04,30.39999962
5.40E-04,4.4000001,5.40E-04,29.60000038
5.41E-04,4.4000001,5.41E-04,30.39999962
5.42E-04,4.4000001,5.42E-04,30.39999962
5.43E-04,4.4000001,5.43E-04,30.39999962
5.44E-04,4.4000001,5.44E-04,29.60000038
5.45E-04,4.5999999,5.45E-04,30.39999962
5.46E-04,4.5999999,5.46E-04,29.60000038
5.47E-04,4.5999999,5.47E-04,29.60000038
5.48E-04,4.5999999,5.48E-04,30.39999962
5.49E-04,4.5999999,5.49E-04,30.39999962
5.50E-04,4.5999999,5.50E-04,30.39999962
5.51E-04,4.5999999,5.51E-04,29.60000038
5.52E-04,4.5999999,5.52E-04,30.39999962
5.53E-04,4.5999999,5.53E-04,30.39999962
5.54E-04,4.5999999,5.54E-04,30.39999962
5.55E-04,4.80000019,5.55E-04,30.39999962
5.56E-04,4.80000019,5.56E-04,30.39999962
5.57E-04,4.5999999,5.57E-04,30.39999962
5.58E-04,4.5999999,5.58E-04,29.60000038
5.59E-04,4.5999999,5.59E-04,30.39999962
5.60E-04,4.80000019,5.60E-04,30.39999962
5.61E-04,4.80000019,5.61E-04,30.39999962
5.62E-04,4.80000019,5.62E-04,30.39999962
5.63E-04,4.80000019,5.63E-04,29.60000038
5.64E-04,4.80000019,5.64E-04,29.60000038
5.65E-04,4.5999999,5.65E-04,29.60000038
5.66E-04,4.5999999,5.66E-04,30.39999962
5.67E-04,4.5999999,5.67E-04,29.60000038
5.68E-04,4.5999999,5.68E-04,30.39999962
5.69E-04,4.80000019,5.69E-04,30.39999962
5.70E-04,4.80000019,5.70E-04,29.60000038
5.71E-04,4.80000019,5.71E-04,30.39999962
5.72E-04,4.80000019,5.72E-04,30.39999962
5.73E-04,4.80000019,5.73E-04,29.60000038
5.74E-04,4.5999999,5.74E-04,29.60000038
5.75E-04,4.80000019,5.75E-04,29.60000038
5.76E-04,4.80000019,5.76E-04,29.60000038
5.77E-04,4.80000019,5.77E-04,29.60000038
5.78E-04,5,5.78E-04,30.39999962
5.79E-04,5,5.79E-04,30.39999962
5.80E-04,4.80000019,5.80E-04,29.60000038
5.81E-04,4.80000019,5.81E-04,29.60000038
5.82E-04,5,5.82E-04,29.60000038
5.83E-04,4.80000019,5.83E-04,30.39999962
5.84E-04,4.80000019,5.84E-04,29.60000038
5.85E-04,4.80000019,5.85E-04,29.60000038
5.86E-04,4.80000019,5.86E-04,28.80000114
5.87E-04,5,5.87E-04,29.60000038
5.88E-04,5,5.88E-04,28.80000114
5.89E-04,5,5.89E-04,28
5.90E-04,5,5.90E-04,28
5.91E-04,5,5.91E-04,28
5.92E-04,4.80000019,5.92E-04,28
5.93E-04,4.80000019,5.93E-04,28
5.94E-04,4.80000019,5.94E-04,28
5.95E-04,5,5.95E-04,27.20000076
5.96E-04,4.80000019,5.96E-04,27.20000076
5.97E-04,5,5.97E-04,27.20000076
5.98E-04,4.80000019,5.98E-04,27.20000076
5.99E-04,5.20000029,5.99E-04,27.20000076
6.00E-04,5,6.00E-04,26.39999962
6.01E-04,5,6.01E-04,26.39999962
6.02E-04,5,6.02E-04,25.60000038
6.03E-04,4.80000019,6.03E-04,25.60000038
6.04E-04,5,6.04E-04,25.60000038
6.05E-04,4.80000019,6.05E-04,25.60000038
6.06E-04,5,6.06E-04,24.80000114
6.07E-04,4.80000019,6.07E-04,24.80000114
6.08E-04,5,6.08E-04,24.80000114
6.09E-04,5,6.09E-04,24.80000114
6.10E-04,5,6.10E-04,24.80000114
6.11E-04,4.80000019,6.11E-04,24.80000114
6.12E-04,4.80000019,6.12E-04,24.80000114
6.13E-04,5,6.13E-04,24.80000114
6.14E-04,4.80000019,6.14E-04,24
6.15E-04,5,6.15E-04,24
6.16E-04,5,6.16E-04,24
6.17E-04,4.80000019,6.17E-04,24
6.18E-04,5,6.18E-04,23.20000076
6.19E-04,5,6.19E-04,23.20000076
6.20E-04,5,6.20E-04,23.20000076
6.21E-04,5,6.21E-04,22.39999962
6.22E-04,5,6.22E-04,22.39999962
6.23E-04,5,6.23E-04,22.39999962
6.24E-04,4.80000019,6.24E-04,22.39999962
6.25E-04,5,6.25E-04,22.39999962
6.26E-04,5,6.26E-04,21.60000038
6.27E-04,5,6.27E-04,21.60000038
6.28E-04,5,6.28E-04,21.60000038
6.29E-04,5.20000029,6.29E-04,21.60000038
6.30E-04,4.80000019,6.30E-04,21.60000038
6.31E-04,5.20000029,6.31E-04,20.80000114
6.32E-04,5.20000029,6.32E-04,21.60000038
6.33E-04,5,6.33E-04,21.60000038
6.34E-04,5,6.34E-04,20.80000114
6.35E-04,5,6.35E-04,20.80000114
6.36E-04,5.20000029,6.36E-04,20.80000114
6.37E-04,5,6.37E-04,20.80000114
6.38E-04,5,6.38E-04,20.80000114
6.39E-04,5,6.39E-04,20
6.40E-04,4.80000019,6.40E-04,20
6.41E-04,5,6.41E-04,20
6.42E-04,5,6.42E-04,19.2000008
6.43E-04,5,6.43E-04,19.2000008
6.44E-04,5,6.44E-04,19.2000008
6.45E-04,5,6.45E-04,19.2000008
6.46E-04,5,6.46E-04,19.2000008
6.47E-04,5,6.47E-04,18.3999996
6.48E-04,5,6.48E-04,18.3999996
6.49E-04,5,6.49E-04,19.2000008
6.50E-04,5,6.50E-04,19.2000008
6.51E-04,5.20000029,6.51E-04,19.2000008
6.52E-04,5.20000029,6.52E-04,18.3999996
6.53E-04,5,6.53E-04,18.3999996
6.54E-04,5,6.54E-04,18.3999996
6.55E-04,5,6.55E-04,17.6000004
6.56E-04,5,6.56E-04,18.3999996
6.57E-04,5,6.57E-04,17.6000004
6.58E-04,5.20000029,6.58E-04,17.6000004
6.59E-04,5.20000029,6.59E-04,17.6000004
6.60E-04,5,6.60E-04,17.6000004
6.61E-04,5.20000029,6.61E-04,17.6000004
6.62E-04,5,6.62E-04,16.8000011
6.63E-04,5.20000029,6.63E-04,16.8000011
6.64E-04,5,6.64E-04,16.8000011
6.65E-04,5.20000029,6.65E-04,16.8000011
6.66E-04,5.4000001,6.66E-04,16.8000011
6.67E-04,5,6.67E-04,16.8000011
6.68E-04,5.20000029,6.68E-04,16.8000011
6.69E-04,5.20000029,6.69E-04,16.8000011
6.70E-04,5.20000029,6.70E-04,16.8000011
6.71E-04,5.20000029,6.71E-04,16.8000011
6.72E-04,5.20000029,6.72E-04,16
6.73E-04,5.20000029,6.73E-04,16.8000011
6.74E-04,5.20000029,6.74E-04,16
6.75E-04,5.20000029,6.75E-04,16
6.76E-04,5.20000029,6.76E-04,16
6.77E-04,5.20000029,6.77E-04,15.1999998
6.78E-04,5.20000029,6.78E-04,15.1999998
6.79E-04,5.20000029,6.79E-04,15.1999998
6.80E-04,5.4000001,6.80E-04,15.1999998
6.81E-04,5.20000029,6.81E-04,15.1999998
6.82E-04,5.4000001,6.82E-04,15.1999998
6.83E-04,5.20000029,6.83E-04,15.1999998
6.84E-04,5.4000001,6.84E-04,15.1999998
6.85E-04,5.20000029,6.85E-04,14.4000006
6.86E-04,5.20000029,6.86E-04,14.4000006
6.87E-04,5.4000001,6.87E-04,14.4000006
6.88E-04,5.20000029,6.88E-04,15.1999998
6.89E-04,5.4000001,6.89E-04,14.4000006
6.90E-04,5.4000001,6.90E-04,13.6000004
6.91E-04,5.20000029,6.91E-04,14.4000006
6.92E-04,5.4000001,6.92E-04,14.4000006
6.93E-04,5.4000001,6.93E-04,13.6000004
6.94E-04,5.4000001,6.94E-04,13.6000004
6.95E-04,5.4000001,6.95E-04,14.4000006
6.96E-04,5.4000001,6.96E-04,13.6000004
6.97E-04,5.4000001,6.97E-04,12.8000002
6.98E-04,5.4000001,6.98E-04,13.6000004
6.99E-04,5.4000001,6.99E-04,12.8000002
7.00E-04,5.4000001,7.00E-04,12.8000002
7.01E-04,5.4000001,7.01E-04,13.6000004
7.02E-04,5.4000001,7.02E-04,13.6000004
7.03E-04,5.5999999,7.03E-04,13.6000004
7.04E-04,5.4000001,7.04E-04,12.8000002
7.05E-04,5.4000001,7.05E-04,12.8000002
7.06E-04,5.5999999,7.06E-04,12.8000002
7.07E-04,5.5999999,7.07E-04,12.8000002
7.08E-04,5.5999999,7.08E-04,12.8000002
7.09E-04,5.4000001,7.09E-04,12
7.10E-04,5.5999999,7.10E-04,12.8000002
7.11E-04,5.5999999,7.11E-04,12.8000002
7.12E-04,5.5999999,7.12E-04,12
7.13E-04,5.5999999,7.13E-04,12
7.14E-04,5.5999999,7.14E-04,12
7.15E-04,5.5999999,7.15E-04,12
7.16E-04,5.5999999,7.16E-04,12
7.17E-04,5.5999999,7.17E-04,12
7.18E-04,5.5999999,7.18E-04,12
7.19E-04,5.5999999,7.19E-04,11.1999998
7.20E-04,5.5999999,7.20E-04,11.1999998
7.21E-04,5.5999999,7.21E-04,11.1999998
7.22E-04,5.80000019,7.22E-04,11.1999998
7.23E-04,5.5999999,7.23E-04,11.1999998
7.24E-04,5.5999999,7.24E-04,11.1999998
7.25E-04,5.80000019,7.25E-04,11.1999998
7.26E-04,5.80000019,7.26E-04,11.1999998
7.27E-04,5.80000019,7.27E-04,11.1999998
7.28E-04,5.80000019,7.28E-04,11.1999998
7.29E-04,6,7.29E-04,11.1999998
7.30E-04,5.80000019,7.30E-04,10.4000006
7.31E-04,6,7.31E-04,10.4000006
7.32E-04,5.80000019,7.32E-04,10.4000006
7.33E-04,6,7.33E-04,11.1999998
7.34E-04,6,7.34E-04,10.4000006
7.35E-04,6,7.35E-04,10.4000006
7.36E-04,6,7.36E-04,10.4000006
7.37E-04,5.80000019,7.37E-04,10.4000006
7.38E-04,6,7.38E-04,9.600000381
7.39E-04,6,7.39E-04,10.4000006
7.40E-04,6,7.40E-04,10.4000006
7.41E-04,6,7.41E-04,9.600000381
7.42E-04,6,7.42E-04,10.4000006
7.43E-04,6.20000029,7.43E-04,10.4000006
7.44E-04,6.20000029,7.44E-04,9.600000381
7.45E-04,6.20000029,7.45E-04,9.600000381
7.46E-04,6.4000001,7.46E-04,9.600000381
7.47E-04,6.20000029,7.47E-04,9.600000381
7.48E-04,6.20000029,7.48E-04,9.600000381
7.49E-04,6,7.49E-04,9.600000381
7.50E-04,6.20000029,7.50E-04,9.600000381
7.51E-04,6.4000001,7.51E-04,9.600000381
7.52E-04,6.4000001,7.52E-04,9.600000381
7.53E-04,6.4000001,7.53E-04,8.800000191
7.54E-04,6.4000001,7.54E-04,8.800000191
7.55E-04,6.4000001,7.55E-04,8.800000191
7.56E-04,6.4000001,7.56E-04,8.800000191
7.57E-04,6.4000001,7.57E-04,8.800000191
7.58E-04,6.4000001,7.58E-04,8.800000191
7.59E-04,6.4000001,7.59E-04,8.800000191
7.60E-04,6.4000001,7.60E-04,8.800000191
7.61E-04,6.4000001,7.61E-04,8.800000191
7.62E-04,6.4000001,7.62E-04,8.800000191
7.63E-04,6.5999999,7.63E-04,8.800000191
7.64E-04,6.4000001,7.64E-04,8.800000191
7.65E-04,6.5999999,7.65E-04,8.800000191
7.66E-04,6.5999999,7.66E-04,8.800000191
7.67E-04,6.80000019,7.67E-04,8.800000191
7.68E-04,6.4000001,7.68E-04,8.800000191
7.69E-04,6.5999999,7.69E-04,8.800000191
7.70E-04,6.5999999,7.70E-04,8
7.71E-04,6.5999999,7.71E-04,8.800000191
7.72E-04,6.80000019,7.72E-04,8
7.73E-04,6.5999999,7.73E-04,8
7.74E-04,6.4000001,7.74E-04,8
7.75E-04,7,7.75E-04,8
7.76E-04,6.80000019,7.76E-04,8
7.77E-04,6.80000019,7.77E-04,8
7.78E-04,7,7.78E-04,8
7.79E-04,6.80000019,7.79E-04,8
7.80E-04,6.80000019,7.80E-04,8
7.81E-04,6.80000019,7.81E-04,8
7.82E-04,6.80000019,7.82E-04,7.20000029
7.83E-04,6.80000019,7.83E-04,8
7.84E-04,7,7.84E-04,7.20000029
7.85E-04,7,7.85E-04,8
7.86E-04,7.20000029,7.86E-04,8
7.87E-04,7,7.87E-04,7.20000029
7.88E-04,7,7.88E-04,8
7.89E-04,7,7.89E-04,7.20000029
7.90E-04,7,7.90E-04,7.20000029
7.91E-04,7.20000029,7.91E-04,7.20000029
7.92E-04,7,7.92E-04,7.20000029
7.93E-04,7,7.93E-04,7.20000029
7.94E-04,7.20000029,7.94E-04,6.4000001
7.95E-04,7.20000029,7.95E-04,7.20000029
7.96E-04,7.20000029,7.96E-04,7.20000029
7.97E-04,7.20000029,7.97E-04,7.20000029
7.98E-04,7,7.98E-04,7.20000029
7.99E-04,7.20000029,7.99E-04,7.20000029
8.00E-04,7.20000029,8.00E-04,7.20000029
8.01E-04,7.20000029,8.01E-04,7.20000029
8.02E-04,7.20000029,8.02E-04,7.20000029
8.03E-04,7.400000095,8.03E-04,6.4000001
8.04E-04,7.20000029,8.04E-04,7.20000029
8.05E-04,7.20000029,8.05E-04,6.4000001
8.06E-04,7.20000029,8.06E-04,6.4000001
8.07E-04,7.400000095,8.07E-04,6.4000001
8.08E-04,7.400000095,8.08E-04,6.4000001
8.09E-04,7.400000095,8.09E-04,6.4000001
8.10E-04,7.400000095,8.10E-04,6.4000001
8.11E-04,7.400000095,8.11E-04,6.4000001
8.12E-04,7.599999905,8.12E-04,5.5999999
8.13E-04,7.400000095,8.13E-04,6.4000001
8.14E-04,7.599999905,8.14E-04,6.4000001
8.15E-04,7.599999905,8.15E-04,6.4000001
8.16E-04,7.400000095,8.16E-04,5.5999999
8.17E-04,7.400000095,8.17E-04,5.5999999
8.18E-04,7.400000095,8.18E-04,6.4000001
8.19E-04,7.400000095,8.19E-04,6.4000001
8.20E-04,7.800000191,8.20E-04,6.4000001
8.21E-04,7.800000191,8.21E-04,5.5999999
8.22E-04,7.599999905,8.22E-04,6.4000001
8.23E-04,7.599999905,8.23E-04,6.4000001
8.24E-04,7.800000191,8.24E-04,5.5999999
8.25E-04,7.599999905,8.25E-04,5.5999999
8.26E-04,7.599999905,8.26E-04,5.5999999
8.27E-04,8,8.27E-04,5.5999999
8.28E-04,8,8.28E-04,5.5999999
8.29E-04,7.800000191,8.29E-04,5.5999999
8.30E-04,7.800000191,8.30E-04,5.5999999
8.31E-04,7.800000191,8.31E-04,5.5999999
8.32E-04,7.800000191,8.32E-04,5.5999999
8.33E-04,8,8.33E-04,5.5999999
8.34E-04,7.800000191,8.34E-04,5.5999999
8.35E-04,7.800000191,8.35E-04,5.5999999
8.36E-04,8,8.36E-04,5.5999999
8.37E-04,8,8.37E-04,5.5999999
8.38E-04,7.800000191,8.38E-04,5.5999999
8.39E-04,8,8.39E-04,5.5999999
8.40E-04,8,8.40E-04,5.5999999
8.41E-04,8,8.41E-04,5.5999999
8.42E-04,8,8.42E-04,5.5999999
8.43E-04,8.199999809,8.43E-04,5.5999999
8.44E-04,8,8.44E-04,5.5999999
8.45E-04,8.199999809,8.45E-04,5.5999999
8.46E-04,8,8.46E-04,4.80000019
8.47E-04,8,8.47E-04,4.80000019
8.48E-04,8.199999809,8.48E-04,4.80000019
8.49E-04,8,8.49E-04,4.80000019
8.50E-04,8.199999809,8.50E-04,5.5999999
8.51E-04,8.199999809,8.51E-04,4.80000019
8.52E-04,8.199999809,8.52E-04,4.80000019
8.53E-04,8.400000572,8.53E-04,4.80000019
8.54E-04,8.199999809,8.54E-04,4.80000019
8.55E-04,8.199999809,8.55E-04,4.80000019
8.56E-04,8.199999809,8.56E-04,5.5999999
8.57E-04,8.199999809,8.57E-04,4.80000019
8.58E-04,8.199999809,8.58E-04,4.80000019
8.59E-04,8.199999809,8.59E-04,4.80000019
8.60E-04,8.199999809,8.60E-04,4.80000019
8.61E-04,8.199999809,8.61E-04,4.80000019
8.62E-04,8.199999809,8.62E-04,4.80000019
8.63E-04,8.199999809,8.63E-04,4.80000019
8.64E-04,8.199999809,8.64E-04,4.80000019
8.65E-04,8.400000572,8.65E-04,4.80000019
8.66E-04,8.400000572,8.66E-04,4.80000019
8.67E-04,8.199999809,8.67E-04,4
8.68E-04,8.199999809,8.68E-04,4.80000019
8.69E-04,8.400000572,8.69E-04,4
8.70E-04,8.400000572,8.70E-04,4.80000019
8.71E-04,8.199999809,8.71E-04,4
8.72E-04,8.400000572,8.72E-04,4
8.73E-04,8.400000572,8.73E-04,4
8.74E-04,8.600000381,8.74E-04,4
8.75E-04,8.600000381,8.75E-04,4
8.76E-04,8.400000572,8.76E-04,4
8.77E-04,8.600000381,8.77E-04,4.80000019
8.78E-04,8.600000381,8.78E-04,4
8.79E-04,8.600000381,8.79E-04,4
8.80E-04,8.600000381,8.80E-04,4
8.81E-04,8.600000381,8.81E-04,4
8.82E-04,8.600000381,8.82E-04,4
8.83E-04,8.600000381,8.83E-04,4
8.84E-04,8.600000381,8.84E-04,4
8.85E-04,8.600000381,8.85E-04,4
8.86E-04,8.600000381,8.86E-04,4
8.87E-04,8.800000191,8.87E-04,4
8.88E-04,8.600000381,8.88E-04,3.20000005
8.89E-04,8.800000191,8.89E-04,4
8.90E-04,8.800000191,8.90E-04,3.20000005
8.91E-04,8.800000191,8.91E-04,3.20000005
8.92E-04,8.600000381,8.92E-04,3.20000005
8.93E-04,8.600000381,8.93E-04,4
8.94E-04,8.800000191,8.94E-04,4
8.95E-04,8.800000191,8.95E-04,4
8.96E-04,8.800000191,8.96E-04,4
8.97E-04,9,8.97E-04,4
8.98E-04,8.800000191,8.98E-04,4
8.99E-04,8.800000191,8.99E-04,4
9.00E-04,8.800000191,9.00E-04,4
9.01E-04,9,9.01E-04,3.20000005
9.02E-04,9,9.02E-04,4
9.03E-04,9,9.03E-04,3.20000005
9.04E-04,9,9.04E-04,3.20000005
9.05E-04,9,9.05E-04,3.20000005
9.06E-04,9,9.06E-04,3.20000005
9.07E-04,9,9.07E-04,3.20000005
9.08E-04,9,9.08E-04,3.20000005
9.09E-04,9,9.09E-04,3.20000005
9.10E-04,9,9.10E-04,3.20000005
9.11E-04,8.800000191,9.11E-04,3.20000005
9.12E-04,9,9.12E-04,3.20000005
9.13E-04,8.800000191,9.13E-04,3.20000005
9.14E-04,9.199999809,9.14E-04,3.20000005
9.15E-04,9,9.15E-04,3.20000005
9.16E-04,8.800000191,9.16E-04,3.20000005
9.17E-04,9.199999809,9.17E-04,3.20000005
9.18E-04,9.199999809,9.18E-04,3.20000005
9.19E-04,9,9.19E-04,3.20000005
9.20E-04,9.199999809,9.20E-04,3.20000005
9.21E-04,9,9.21E-04,2.4000001
9.22E-04,9,9.22E-04,3.20000005
9.23E-04,9.199999809,9.23E-04,3.20000005
9.24E-04,9,9.24E-04,3.20000005
9.25E-04,9,9.25E-04,3.20000005
9.26E-04,9.199999809,9.26E-04,2.4000001
9.27E-04,9,9.27E-04,3.20000005
9.28E-04,9.199999809,9.28E-04,3.20000005
9.29E-04,9.199999809,9.29E-04,3.20000005
9.30E-04,9.400000572,9.30E-04,3.20000005
9.31E-04,9.199999809,9.31E-04,3.20000005
9.32E-04,9.199999809,9.32E-04,3.20000005
9.33E-04,9.199999809,9.33E-04,3.20000005
9.34E-04,9.199999809,9.34E-04,3.20000005
9.35E-04,9.199999809,9.35E-04,2.4000001
9.36E-04,9.400000572,9.36E-04,2.4000001
9.37E-04,9.199999809,9.37E-04,2.4000001
9.38E-04,9.199999809,9.38E-04,2.4000001
9.39E-04,9.199999809,9.39E-04,2.4000001
9.40E-04,9.400000572,9.40E-04,2.4000001
9.41E-04,9.400000572,9.41E-04,3.20000005
9.42E-04,9.199999809,9.42E-04,2.4000001
9.43E-04,9.199999809,9.43E-04,2.4000001
9.44E-04,9.199999809,9.44E-04,2.4000001
9.45E-04,9.199999809,9.45E-04,2.4000001
9.46E-04,9.400000572,9.46E-04,3.20000005
9.47E-04,9.400000572,9.47E-04,2.4000001
9.48E-04,9.400000572,9.48E-04,2.4000001
9.49E-04,9.400000572,9.49E-04,3.20000005
9.50E-04,9.400000572,9.50E-04,2.4000001
9.51E-04,9.400000572,9.51E-04,2.4000001
9.52E-04,9.400000572,9.52E-04,2.4000001
9.53E-04,9.199999809,9.53E-04,2.4000001
9.54E-04,9.600000381,9.54E-04,2.4000001
9.55E-04,9.400000572,9.55E-04,2.4000001
9.56E-04,9.400000572,9.56E-04,2.4000001
9.57E-04,9.400000572,9.57E-04,2.4000001
9.58E-04,9.400000572,9.58E-04,2.4000001
9.59E-04,9.400000572,9.59E-04,2.4000001